classification,denominator,denominator_by_player_type,derive,direction,fantasy_formats,metric,metric_type,player_types
context,,,,context,[],1B,counting,"[""hitter""]"
context,,,,context,[],2B,counting,"[""hitter""]"
context,,,,context,[],3B,counting,"[""hitter""]"
opportunity,,,,context,[],AB,counting,"[""hitter""]"
market,,,,context,[],ADP,numeric,"[""hitter"", ""pitcher""]"
skill,AB,,,higher,"[""NFBC"", ""Yahoo""]",AVG,rate,"[""hitter"", ""pitcher""]"
skill,,,,context,[],BABIP,rate,"[""hitter"", ""pitcher""]"
context,,,,context,[],BB,counting,"[""hitter"", ""pitcher""]"
skill,player_type_specific,"{""hitter"": ""PA"", ""pitcher"": ""TBF""}",,context,[],BB%,rate,"[""hitter"", ""pitcher""]"
skill,,,,context,[],BB/K,rate,"[""hitter""]"
skill,,,,context,[],Barrel%,rate,"[""hitter""]"
context,,,,context,[],Barrels,counting,"[""hitter""]"
skill,,,,context,[],BatSpd,numeric,"[""hitter""]"
context,,,,context,[],BsR,numeric,"[""hitter""]"
context,,,,context,[],CS,counting,"[""hitter""]"
skill,,,,context,[],CStr%,rate,"[""hitter"", ""pitcher""]"
skill,,,,context,[],Contact%,rate,"[""hitter"", ""pitcher""]"
context,,,,context,[],Def,numeric,"[""hitter""]"
uncertainty,,,,context,[],Dim,numeric,"[""hitter"", ""pitcher""]"
skill,,,,context,[],EV,numeric,"[""hitter""]"
skill,,,,context,[],EV90,numeric,"[""hitter""]"
context,,,,context,[],Events,counting,"[""hitter""]"
skill,,,,context,[],F-Strike%,rate,"[""hitter"", ""pitcher""]"
skill,,,,context,[],FB%,rate,"[""hitter"", ""pitcher""]"
context,,,,context,[],FPTS,numeric,"[""hitter"", ""pitcher""]"
context,,,,context,[],FPTS/G,numeric,"[""hitter""]"
context,,,,context,[],Fld,numeric,"[""hitter""]"
opportunity,,,,context,[],G,counting,"[""hitter"", ""pitcher""]"
skill,,,,context,[],GB%,rate,"[""hitter"", ""pitcher""]"
context,,,,context,[],GDP,counting,"[""hitter""]"
context,,,,context,[],H,counting,"[""hitter"", ""pitcher""]"
context,,,,context,[],HBP,counting,"[""hitter"", ""pitcher""]"
fantasy_outcome,,,,higher,"[""NFBC"", ""Yahoo""]",HR,counting,"[""hitter"", ""pitcher""]"
context,,,,context,[],HR/FB,numeric,"[""hitter"", ""pitcher""]"
skill,,,,context,[],Hard%,rate,"[""hitter""]"
context,,,,context,[],HardHit,counting,"[""hitter""]"
skill,,,,context,[],HardHit%,rate,"[""hitter""]"
context,,,,context,[],IBB,counting,"[""hitter"", ""pitcher""]"
skill,,,,context,[],IFFB%,rate,"[""hitter""]"
skill,,,,higher,[],ISO,rate,"[""hitter""]"
uncertainty,,,,context,[],InterSD,numeric,"[""hitter"", ""pitcher""]"
uncertainty,,,,context,[],InterSK,numeric,"[""hitter"", ""pitcher""]"
uncertainty,,,,context,[],IntraSD,numeric,"[""hitter"", ""pitcher""]"
skill,player_type_specific,"{""hitter"": ""PA"", ""pitcher"": ""TBF""}",,context,[],K%,rate,"[""hitter"", ""pitcher""]"
skill,,,,context,[],LA,numeric,"[""hitter""]"
skill,,,,context,[],LD%,rate,"[""hitter"", ""pitcher""]"
skill,,,,context,[],Med%,rate,"[""hitter""]"
skill,,,,context,[],O-Contact%,rate,"[""hitter"", ""pitcher""]"
skill,,,,context,[],O-Swing%,rate,"[""hitter"", ""pitcher""]"
skill,,,,higher,[],OBP,rate,"[""hitter""]"
skill,,,,higher,"[""Yahoo""]",OPS,rate,"[""hitter""]"
context,,,,context,[],Off,numeric,"[""hitter""]"
uncertainty,,,,context,[],P10,numeric,"[""hitter"", ""pitcher""]"
uncertainty,,,,context,[],P20,numeric,"[""hitter"", ""pitcher""]"
uncertainty,,,,context,[],P30,numeric,"[""hitter"", ""pitcher""]"
uncertainty,,,,context,[],P40,numeric,"[""hitter"", ""pitcher""]"
uncertainty,,,,context,[],P50,numeric,"[""hitter"", ""pitcher""]"
uncertainty,,,,context,[],P60,numeric,"[""hitter"", ""pitcher""]"
uncertainty,,,,context,[],P70,numeric,"[""hitter"", ""pitcher""]"
uncertainty,,,,context,[],P80,numeric,"[""hitter"", ""pitcher""]"
uncertainty,,,,context,[],P90,numeric,"[""hitter"", ""pitcher""]"
opportunity,,,,context,[],PA,counting,"[""hitter""]"
skill,,,,context,[],Pull%,rate,"[""hitter"", ""pitcher""]"
fantasy_outcome,,,,higher,"[""NFBC"", ""Yahoo""]",R,counting,"[""hitter"", ""pitcher""]"
fantasy_outcome,,,,higher,"[""NFBC"", ""Yahoo""]",RBI,counting,"[""hitter""]"
fantasy_outcome,,,,higher,"[""NFBC"", ""Yahoo""]",SB,counting,"[""hitter""]"
context,,,,context,[],SF,counting,"[""hitter""]"
context,,,,context,[],SH,counting,"[""hitter""]"
skill,,,,higher,[],SLG,rate,"[""hitter""]"
fantasy_outcome,,,,higher,"[""NFBC"", ""Yahoo""]",SO,counting,"[""hitter"", ""pitcher""]"
context,,,,context,[],SPTS,numeric,"[""hitter"", ""pitcher""]"
context,,,,context,[],SPTS/G,numeric,"[""hitter""]"
uncertainty,,,,context,[],Skew,numeric,"[""hitter"", ""pitcher""]"
skill,,,,context,[],Soft%,rate,"[""hitter""]"
context,,,,context,[],Spd,numeric,"[""hitter""]"
skill,,,,context,[],SwStr%,rate,"[""hitter"", ""pitcher""]"
skill,,,,context,[],Swing%,rate,"[""hitter"", ""pitcher""]"
uncertainty,,,,context,[],TT10,numeric,"[""hitter"", ""pitcher""]"
uncertainty,,,,context,[],TT20,numeric,"[""hitter"", ""pitcher""]"
uncertainty,,,,context,[],TT30,numeric,"[""hitter"", ""pitcher""]"
uncertainty,,,,context,[],TT40,numeric,"[""hitter"", ""pitcher""]"
uncertainty,,,,context,[],TT50,numeric,"[""hitter"", ""pitcher""]"
uncertainty,,,,context,[],TT60,numeric,"[""hitter"", ""pitcher""]"
uncertainty,,,,context,[],TT70,numeric,"[""hitter"", ""pitcher""]"
uncertainty,,,,context,[],TT80,numeric,"[""hitter"", ""pitcher""]"
uncertainty,,,,context,[],TT90,numeric,"[""hitter"", ""pitcher""]"
context,,,,context,[],UBR,numeric,"[""hitter""]"
uncertainty,,,,context,[],Vol,numeric,"[""hitter"", ""pitcher""]"
context,,,,context,[],WAR,numeric,"[""hitter"", ""pitcher""]"
skill,,,,context,[],Z-Contact%,rate,"[""hitter"", ""pitcher""]"
skill,,,,context,[],Z-Swing%,rate,"[""hitter"", ""pitcher""]"
skill,,,,context,[],Zone%,rate,"[""hitter"", ""pitcher""]"
skill,,,,context,[],maxEV,numeric,"[""hitter""]"
skill,,,,higher,[],wOBA,rate,"[""hitter""]"
context,,,,context,[],wRAA,numeric,"[""hitter""]"
context,,,,context,[],wRC,numeric,"[""hitter""]"
context,,,,higher,[],wRC+,numeric,"[""hitter""]"
context,,,,context,[],wSB,numeric,"[""hitter""]"
skill,,,,context,[],xBA,rate,"[""hitter""]"
skill,,,,context,[],xSLG,rate,"[""hitter""]"
skill,,,,higher,[],xwOBA,rate,"[""hitter""]"
skill,IP,,,lower,[],BB/9,rate,"[""pitcher""]"
context,,,,context,[],BK,counting,"[""pitcher""]"
context,,,,context,[],BS,counting,"[""pitcher""]"
context,,,,context,[],Balls,counting,"[""pitcher""]"
skill,,,,context,[],CB%,rate,"[""pitcher""]"
context,,,,context,[],CBv,numeric,"[""pitcher""]"
context,,,,context,[],CG,counting,"[""pitcher""]"
skill,,,,context,[],CH%,rate,"[""pitcher""]"
context,,,,context,[],CHv,numeric,"[""pitcher""]"
skill,,,,context,[],CSW%,rate,"[""pitcher""]"
skill,,,,context,[],CT%,rate,"[""pitcher""]"
context,,,,context,[],CTv,numeric,"[""pitcher""]"
context,,,,context,[],ER,counting,"[""pitcher""]"
skill,IP,,,lower,"[""NFBC"", ""Yahoo""]",ERA,rate,"[""pitcher""]"
context,,,,context,[],FBv,numeric,"[""pitcher""]"
skill,,,,lower,[],FIP,rate,"[""pitcher""]"
context,,,,context,[],FPTS/IP,numeric,"[""pitcher""]"
context,,,,context,[],GB/FB,numeric,"[""pitcher""]"
opportunity,,,,context,[],GS,counting,"[""pitcher""]"
fantasy_outcome,,,,higher,"[""Yahoo""]",HLD,counting,"[""pitcher""]"
skill,IP,,,lower,[],HR/9,rate,"[""pitcher""]"
opportunity,,,,context,[],IP,numeric,"[""pitcher""]"
skill,player_type_specific,"{""hitter"": ""PA"", ""pitcher"": ""TBF""}",,context,[],K-BB%,rate,"[""pitcher""]"
skill,IP,,,higher,[],K/9,rate,"[""pitcher""]"
skill,,,,context,[],K/BB,rate,"[""pitcher""]"
skill,,,,context,[],KN%,rate,"[""pitcher""]"
context,,,,context,[],KNv,numeric,"[""pitcher""]"
context,,,,context,[],L,counting,"[""pitcher""]"
skill,,,,context,[],LOB%,rate,"[""pitcher""]"
skill,,,,context,[],Location+,numeric,"[""pitcher""]"
context,,,,context,[],Pitches,counting,"[""pitcher""]"
skill,,,,context,[],Pitching+,numeric,"[""pitcher""]"
fantasy_outcome,,,,higher,"[""Yahoo""]",QS,counting,"[""pitcher""]"
context,,,,context,[],RA9-WAR,numeric,"[""pitcher""]"
skill,,,,context,[],SF%,rate,"[""pitcher""]"
context,,,,context,[],SFv,numeric,"[""pitcher""]"
context,,,,context,[],SHO,counting,"[""pitcher""]"
skill,,,,lower,[],SIERA,rate,"[""pitcher""]"
skill,,,,context,[],SL%,rate,"[""pitcher""]"
context,,,,context,[],SLv,numeric,"[""pitcher""]"
context,,,,context,[],SPTS/IP,numeric,"[""pitcher""]"
fantasy_outcome,,,,higher,"[""NFBC"", ""Yahoo""]",SV,counting,"[""pitcher""]"
context,,,,context,[],ShO,numeric,"[""pitcher""]"
context,,,,context,[],Strikes,counting,"[""pitcher""]"
skill,,,,context,[],Stuff+,numeric,"[""pitcher""]"
opportunity,,,,context,[],TBF,counting,"[""pitcher""]"
fantasy_outcome,,,,higher,"[""NFBC"", ""Yahoo""]",W,counting,"[""pitcher""]"
skill,IP,,,lower,"[""NFBC"", ""Yahoo""]",WHIP,rate,"[""pitcher""]"
context,,,,context,[],WP,counting,"[""pitcher""]"
skill,,,,context,[],XX%,rate,"[""pitcher""]"
context,,,,context,[],vFA (pi),numeric,"[""pitcher""]"
skill,,,,lower,[],xERA,rate,"[""pitcher""]"
skill,,,,lower,[],xFIP,rate,"[""pitcher""]"
skill,PA,,"{""numerator"": ""HR"", ""denominator"": ""PA"", ""scale"": 1}",context,[],HR_per_PA,rate,"[""hitter""]"
skill,PA,,"{""numerator"": ""R"", ""denominator"": ""PA"", ""scale"": 1}",context,[],R_per_PA,rate,"[""hitter""]"
skill,PA,,"{""numerator"": ""RBI"", ""denominator"": ""PA"", ""scale"": 1}",context,[],RBI_per_PA,rate,"[""hitter""]"
skill,PA,,"{""numerator"": ""SB"", ""denominator"": ""PA"", ""scale"": 1}",context,[],SB_per_PA,rate,"[""hitter""]"
skill,PA,,"{""numerator"": ""SO"", ""denominator"": ""PA"", ""scale"": 1}",context,[],SO_per_PA,rate,"[""hitter""]"
skill,IP,,"{""numerator"": ""SO"", ""denominator"": ""IP"", ""scale"": 9}",context,[],SO_per_9,rate,"[""pitcher""]"
skill,IP,,"{""numerator"": ""BB"", ""denominator"": ""IP"", ""scale"": 9}",context,[],BB_per_9,rate,"[""pitcher""]"
skill,IP,,"{""numerator"": ""HR"", ""denominator"": ""IP"", ""scale"": 9}",context,[],HR_per_9,rate,"[""pitcher""]"
fantasy_outcome,,,"{""sum"": [""SV"", ""HLD""]}",higher,"[""Yahoo""]",SV_plus_HLD,counting,"[""pitcher""]"
