headers,ip_notation,kind,original_file,player_type,rows,run_id,season,sha256,source
"[""Name"", ""Team"", ""W"", ""L"", ""QS"", ""ERA"", ""G"", ""GS"", ""SV"", ""HLD"", ""IP"", ""TBF"", ""H"", ""R"", ""ER"", ""HR"", ""BB"", ""IBB"", ""HBP"", ""SO"", ""K/9"", ""BB/9"", ""K/BB"", ""HR/9"", ""K%"", ""BB%"", ""K-BB%"", ""AVG"", ""WHIP"", ""BABIP"", ""LOB%"", ""GB%"", ""HR/FB"", ""FIP"", ""WAR"", ""RA9-WAR"", ""ADP"", ""InterSD"", ""InterSK"", ""IntraSD"", ""PlayerId""]",decimal,projection,D:\JonAPythonClass\pycharm\last3yrsproj\atcpitchers2024pre.csv,pitcher,917,r_e16f9659549bfc3c4f501bea,2024,df1f645524d8b90549776f0ed7d10b65264db6cf8a8f5da6716d69c5dbc4c656,ATC
"[""Name"", ""Team"", ""W"", ""L"", ""QS"", ""ERA"", ""G"", ""GS"", ""SV"", ""HLD"", ""BS"", ""IP"", ""TBF"", ""H"", ""R"", ""ER"", ""HR"", ""BB"", ""IBB"", ""HBP"", ""SO"", ""K/9"", ""BB/9"", ""K/BB"", ""HR/9"", ""K%"", ""BB%"", ""K-BB%"", ""AVG"", ""WHIP"", ""BABIP"", ""LOB%"", ""GB%"", ""HR/FB"", ""FIP"", ""WAR"", ""RA9-WAR"", ""ADP"", ""InterSD"", ""InterSK"", ""IntraSD"", ""Vol"", ""Skew"", ""Dim"", ""FPTS"", ""FPTS/IP"", ""SPTS"", ""SPTS/IP"", ""P10"", ""P20"", ""P30"", ""P40"", ""P50"", ""P60"", ""P70"", ""P80"", ""P90"", ""TT10"", ""TT20"", ""TT30"", ""TT40"", ""TT50"", ""TT60"", ""TT70"", ""TT80"", ""TT90"", ""NameASCII"", ""PlayerId"", ""MLBAMID""]",decimal,projection,D:\JonAPythonClass\pycharm\last3yrsproj\atcpitchers2025pre.csv,pitcher,882,r_0b3c65d7e5d3154f9fe4efdc,2025,f7134b2792019cdee7e23dd2ade0508ada6017c45a427a43d77dce73f0ecb656,ATC
"[""Name"", ""Team"", ""W"", ""L"", ""QS"", ""ERA"", ""G"", ""GS"", ""SV"", ""HLD"", ""BS"", ""IP"", ""TBF"", ""H"", ""R"", ""ER"", ""HR"", ""BB"", ""IBB"", ""HBP"", ""SO"", ""K/9"", ""BB/9"", ""K/BB"", ""HR/9"", ""K%"", ""BB%"", ""K-BB%"", ""AVG"", ""WHIP"", ""BABIP"", ""LOB%"", ""GB%"", ""HR/FB"", ""FIP"", ""WAR"", ""RA9-WAR"", ""ADP"", ""InterSD"", ""InterSK"", ""IntraSD"", ""Vol"", ""Skew"", ""Dim"", ""FPTS"", ""FPTS/IP"", ""SPTS"", ""SPTS/IP"", ""P10"", ""P20"", ""P30"", ""P40"", ""P50"", ""P60"", ""P70"", ""P80"", ""P90"", ""TT10"", ""TT20"", ""TT30"", ""TT40"", ""TT50"", ""TT60"", ""TT70"", ""TT80"", ""TT90"", ""NameASCII"", ""PlayerId"", ""MLBAMID""]",decimal,projection,D:\JonAPythonClass\pycharm\last3yrsproj\atcpitchers2026pre.csv,pitcher,855,r_8330af8a16a01497c6214716,2026,ddc8baca5198a10e6a7e66823e52dc3c8095dd7a0f599411479ae441b619f694,ATC
"[""Name"", ""Team"", ""G"", ""PA"", ""AB"", ""H"", ""1B"", ""2B"", ""3B"", ""HR"", ""R"", ""RBI"", ""BB"", ""IBB"", ""SO"", ""HBP"", ""SF"", ""SH"", ""GDP"", ""SB"", ""CS"", ""AVG"", ""BB%"", ""K%"", ""BB/K"", ""OBP"", ""SLG"", ""wOBA"", ""OPS"", ""ISO"", ""Spd"", ""BABIP"", ""UBR"", ""wSB"", ""wRC"", ""wRAA"", ""wRC+"", ""BsR"", ""Fld"", ""Off"", ""Def"", ""WAR"", ""ADP"", ""InterSD"", ""InterSK"", ""IntraSD"", ""PlayerId""]",decimal,projection,D:\JonAPythonClass\pycharm\last3yrsproj\batxbatters2024pre.csv,hitter,729,r_4144789d661d98cfd035c949,2024,34263338d5d075feaebbcf2f88c20923fea50e7915838d0e84d6f051de5316be,THE BAT X
"[""Name"", ""Team"", ""G"", ""PA"", ""AB"", ""H"", ""1B"", ""2B"", ""3B"", ""HR"", ""R"", ""RBI"", ""BB"", ""IBB"", ""SO"", ""HBP"", ""SF"", ""SH"", ""GDP"", ""SB"", ""CS"", ""AVG"", ""BB%"", ""K%"", ""BB/K"", ""OBP"", ""SLG"", ""wOBA"", ""OPS"", ""ISO"", ""Spd"", ""BABIP"", ""UBR"", ""wSB"", ""wRC"", ""wRAA"", ""wRC+"", ""BsR"", ""Fld"", ""Off"", ""Def"", ""WAR"", ""ADP"", ""InterSD"", ""InterSK"", ""IntraSD"", ""Vol"", ""Skew"", ""Dim"", ""FPTS"", ""FPTS/G"", ""SPTS"", ""SPTS/G"", ""P10"", ""P20"", ""P30"", ""P40"", ""P50"", ""P60"", ""P70"", ""P80"", ""P90"", ""TT10"", ""TT20"", ""TT30"", ""TT40"", ""TT50"", ""TT60"", ""TT70"", ""TT80"", ""TT90"", ""NameASCII"", ""PlayerId"", ""MLBAMID""]",decimal,projection,D:\JonAPythonClass\pycharm\last3yrsproj\batxbatters2025pre.csv,hitter,696,r_2f31474e2a0c046627cd4ca6,2025,823fd82011318bf8fbc626369fd42c4d5a791c34e84c491fc1eb4f26db85bc57,THE BAT X
"[""Name"", ""Team"", ""G"", ""PA"", ""AB"", ""H"", ""1B"", ""2B"", ""3B"", ""HR"", ""R"", ""RBI"", ""BB"", ""IBB"", ""SO"", ""HBP"", ""SF"", ""SH"", ""GDP"", ""SB"", ""CS"", ""AVG"", ""BB%"", ""K%"", ""BB/K"", ""OBP"", ""SLG"", ""wOBA"", ""OPS"", ""ISO"", ""Spd"", ""BABIP"", ""UBR"", ""wSB"", ""wRC"", ""wRAA"", ""wRC+"", ""BsR"", ""Fld"", ""Off"", ""Def"", ""WAR"", ""ADP"", ""InterSD"", ""InterSK"", ""IntraSD"", ""Vol"", ""Skew"", ""Dim"", ""FPTS"", ""FPTS/G"", ""SPTS"", ""SPTS/G"", ""P10"", ""P20"", ""P30"", ""P40"", ""P50"", ""P60"", ""P70"", ""P80"", ""P90"", ""TT10"", ""TT20"", ""TT30"", ""TT40"", ""TT50"", ""TT60"", ""TT70"", ""TT80"", ""TT90"", ""NameASCII"", ""PlayerId"", ""MLBAMID""]",decimal,projection,D:\JonAPythonClass\pycharm\last3yrsproj\batxhitters2026pre.csv,hitter,697,r_e7b45066121c470934ed3d30,2026,4b494500b2665816b1766c821d66762ae43cb4fbb5083f1dafa9792f5d5a2116,THE BAT X
"[""Name"", ""Team"", ""G"", ""PA"", ""AB"", ""H"", ""1B"", ""2B"", ""3B"", ""HR"", ""R"", ""RBI"", ""BB"", ""IBB"", ""SO"", ""HBP"", ""SF"", ""SH"", ""GDP"", ""SB"", ""CS"", ""AVG"", ""BB%"", ""K%"", ""BB/K"", ""OBP"", ""SLG"", ""wOBA"", ""OPS"", ""ISO"", ""Spd"", ""BABIP"", ""UBR"", ""wSB"", ""wRC"", ""wRAA"", ""wRC+"", ""BsR"", ""Fld"", ""Off"", ""Def"", ""WAR"", ""ADP"", ""InterSD"", ""InterSK"", ""IntraSD"", ""Vol"", ""Skew"", ""Dim"", ""FPTS"", ""FPTS/G"", ""SPTS"", ""SPTS/G"", ""P10"", ""P20"", ""P30"", ""P40"", ""P50"", ""P60"", ""P70"", ""P80"", ""P90"", ""TT10"", ""TT20"", ""TT30"", ""TT40"", ""TT50"", ""TT60"", ""TT70"", ""TT80"", ""TT90"", ""NameASCII"", ""PlayerId"", ""MLBAMID""]",decimal,projection,D:\JonAPythonClass\pycharm\last3yrsproj\dchitters2026pre.csv,hitter,638,r_9bef792c9879830df0fc1aed,2026,b46036c6a31d24e5252c8b0696c981e1c39dbe70ce6881088647f08d17e0ea1c,Depth Charts
"[""Name"", ""Team"", ""W"", ""L"", ""QS"", ""ERA"", ""G"", ""GS"", ""SV"", ""HLD"", ""BS"", ""IP"", ""TBF"", ""H"", ""R"", ""ER"", ""HR"", ""BB"", ""IBB"", ""HBP"", ""SO"", ""K/9"", ""BB/9"", ""K/BB"", ""HR/9"", ""K%"", ""BB%"", ""K-BB%"", ""AVG"", ""WHIP"", ""BABIP"", ""LOB%"", ""GB%"", ""HR/FB"", ""FIP"", ""WAR"", ""RA9-WAR"", ""ADP"", ""InterSD"", ""InterSK"", ""IntraSD"", ""Vol"", ""Skew"", ""Dim"", ""FPTS"", ""FPTS/IP"", ""SPTS"", ""SPTS/IP"", ""P10"", ""P20"", ""P30"", ""P40"", ""P50"", ""P60"", ""P70"", ""P80"", ""P90"", ""TT10"", ""TT20"", ""TT30"", ""TT40"", ""TT50"", ""TT60"", ""TT70"", ""TT80"", ""TT90"", ""NameASCII"", ""PlayerId"", ""MLBAMID""]",decimal,projection,D:\JonAPythonClass\pycharm\last3yrsproj\dcpitchers2026pre.csv,pitcher,802,r_8c8ccffe2f0268555005f44b,2026,33f1f0d1115f76093252f1780088932d1e99fc801d4c0d0054034deecd69f304,Depth Charts
"[""Name"", ""Team"", ""G"", ""PA"", ""AB"", ""H"", ""1B"", ""2B"", ""3B"", ""HR"", ""R"", ""RBI"", ""BB"", ""IBB"", ""SO"", ""HBP"", ""SF"", ""SH"", ""GDP"", ""SB"", ""CS"", ""AVG"", ""BB%"", ""K%"", ""BB/K"", ""OBP"", ""SLG"", ""wOBA"", ""OPS"", ""ISO"", ""Spd"", ""BABIP"", ""UBR"", ""wSB"", ""wRC"", ""wRAA"", ""wRC+"", ""BsR"", ""Fld"", ""Off"", ""Def"", ""WAR"", ""ADP"", ""InterSD"", ""InterSK"", ""IntraSD"", ""Vol"", ""Skew"", ""Dim"", ""FPTS"", ""FPTS/G"", ""SPTS"", ""SPTS/G"", ""P10"", ""P20"", ""P30"", ""P40"", ""P50"", ""P60"", ""P70"", ""P80"", ""P90"", ""TT10"", ""TT20"", ""TT30"", ""TT40"", ""TT50"", ""TT60"", ""TT70"", ""TT80"", ""TT90"", ""NameASCII"", ""PlayerId"", ""MLBAMID""]",decimal,projection,D:\JonAPythonClass\pycharm\last3yrsproj\oopsybatters2025pre.csv,hitter,3826,r_68ad5760c2bdb413f7d0cb27,2025,bacdaeb1ee1ef235e1be90fffce4ca5072123444f29a018e910a5547d941fea0,OOPSY
"[""Name"", ""Team"", ""G"", ""PA"", ""AB"", ""H"", ""1B"", ""2B"", ""3B"", ""HR"", ""R"", ""RBI"", ""BB"", ""IBB"", ""SO"", ""HBP"", ""SF"", ""SH"", ""GDP"", ""SB"", ""CS"", ""AVG"", ""BB%"", ""K%"", ""BB/K"", ""OBP"", ""SLG"", ""wOBA"", ""OPS"", ""ISO"", ""Spd"", ""BABIP"", ""UBR"", ""wSB"", ""wRC"", ""wRAA"", ""wRC+"", ""BsR"", ""Fld"", ""Off"", ""Def"", ""WAR"", ""ADP"", ""InterSD"", ""InterSK"", ""IntraSD"", ""Vol"", ""Skew"", ""Dim"", ""FPTS"", ""FPTS/G"", ""SPTS"", ""SPTS/G"", ""P10"", ""P20"", ""P30"", ""P40"", ""P50"", ""P60"", ""P70"", ""P80"", ""P90"", ""TT10"", ""TT20"", ""TT30"", ""TT40"", ""TT50"", ""TT60"", ""TT70"", ""TT80"", ""TT90"", ""NameASCII"", ""PlayerId"", ""MLBAMID""]",decimal,projection,D:\JonAPythonClass\pycharm\last3yrsproj\oopsyhitters2026pre.csv,hitter,2802,r_13963373413dc96be7302baf,2026,c7810b289cec14bfe1f87d8ab593b9c1930c51d70f9ce33a88d11a12a2bef7b3,OOPSY
"[""Name"", ""Team"", ""W"", ""L"", ""QS"", ""ERA"", ""G"", ""GS"", ""SV"", ""HLD"", ""BS"", ""IP"", ""TBF"", ""H"", ""R"", ""ER"", ""HR"", ""BB"", ""IBB"", ""HBP"", ""SO"", ""K/9"", ""BB/9"", ""K/BB"", ""HR/9"", ""K%"", ""BB%"", ""K-BB%"", ""AVG"", ""WHIP"", ""BABIP"", ""LOB%"", ""GB%"", ""HR/FB"", ""FIP"", ""WAR"", ""RA9-WAR"", ""ADP"", ""InterSD"", ""InterSK"", ""IntraSD"", ""Vol"", ""Skew"", ""Dim"", ""FPTS"", ""FPTS/IP"", ""SPTS"", ""SPTS/IP"", ""P10"", ""P20"", ""P30"", ""P40"", ""P50"", ""P60"", ""P70"", ""P80"", ""P90"", ""TT10"", ""TT20"", ""TT30"", ""TT40"", ""TT50"", ""TT60"", ""TT70"", ""TT80"", ""TT90"", ""NameASCII"", ""PlayerId"", ""MLBAMID""]",decimal,projection,D:\JonAPythonClass\pycharm\last3yrsproj\oopsypitchers2025pre.csv,pitcher,5003,r_04555dbb301499259289fb66,2025,edf4f832e3c1202202b4988d1309a4547a40dde9fe6e92e84c18df4b1a57b70f,OOPSY
"[""Name"", ""Team"", ""W"", ""L"", ""QS"", ""ERA"", ""G"", ""GS"", ""SV"", ""HLD"", ""BS"", ""IP"", ""TBF"", ""H"", ""R"", ""ER"", ""HR"", ""BB"", ""IBB"", ""HBP"", ""SO"", ""K/9"", ""BB/9"", ""K/BB"", ""HR/9"", ""K%"", ""BB%"", ""K-BB%"", ""AVG"", ""WHIP"", ""BABIP"", ""LOB%"", ""GB%"", ""HR/FB"", ""FIP"", ""WAR"", ""RA9-WAR"", ""ADP"", ""InterSD"", ""InterSK"", ""IntraSD"", ""Vol"", ""Skew"", ""Dim"", ""FPTS"", ""FPTS/IP"", ""SPTS"", ""SPTS/IP"", ""P10"", ""P20"", ""P30"", ""P40"", ""P50"", ""P60"", ""P70"", ""P80"", ""P90"", ""TT10"", ""TT20"", ""TT30"", ""TT40"", ""TT50"", ""TT60"", ""TT70"", ""TT80"", ""TT90"", ""NameASCII"", ""PlayerId"", ""MLBAMID""]",decimal,projection,D:\JonAPythonClass\pycharm\last3yrsproj\oopsypitchers2026pre.csv,pitcher,4232,r_321ca013c4443d908a714f6a,2026,b9c1e4a0d9133a4f1c058777b1852fb288c14b9d5858b04b5a2a5111d40eb48a,OOPSY
"[""PlayerID"", ""Player"", ""Team"", ""G"", ""GS"", ""QS"", ""CG"", ""SHO"", ""IP"", ""W"", ""L"", ""H"", ""HR"", ""ER"", ""BB"", ""K"", ""HLD"", ""SV"", ""BS"", ""ERA"", ""WHIP"", ""K/9"", ""BB/9"", ""K/BB"", ""HR/9""]",decimal,projection,D:\JonAPythonClass\pycharm\last3yrsproj\rotowirepitchers2025pre.xlsx,pitcher,1207,r_0b8a9687e25165becd721415,2025,d6c701aadd92102b199ff66d4ed90c201d8a642ed7946d57077b982e1e06d87b,RotoWire
"[""PlayerID"", ""Player"", ""Team"", ""G"", ""GS"", ""QS"", ""CG"", ""SHO"", ""IP"", ""W"", ""L"", ""H"", ""HR"", ""ER"", ""BB"", ""SO"", ""HLD"", ""SV"", ""BS"", ""ERA"", ""WHIP"", ""K/9"", ""BB/9"", ""K/BB"", ""HR/9""]",decimal,projection,D:\JonAPythonClass\pycharm\last3yrsproj\rotowirepitchers2026pre.csv,pitcher,2439,r_fb1ed5dc76fc8939cd1d080a,2026,304decc93327f4588301b3f49ebebe6627ec19cb1af28eec1765a16e22f36b42,RotoWire
"[""Name"", ""Team"", ""G"", ""PA"", ""AB"", ""H"", ""1B"", ""2B"", ""3B"", ""HR"", ""R"", ""RBI"", ""BB"", ""IBB"", ""SO"", ""HBP"", ""SF"", ""SH"", ""GDP"", ""SB"", ""CS"", ""AVG"", ""BB%"", ""K%"", ""BB/K"", ""OBP"", ""SLG"", ""wOBA"", ""OPS"", ""ISO"", ""Spd"", ""BABIP"", ""UBR"", ""wSB"", ""wRC"", ""wRAA"", ""wRC+"", ""BsR"", ""Fld"", ""Off"", ""Def"", ""WAR"", ""ADP"", ""InterSD"", ""InterSK"", ""IntraSD"", ""Vol"", ""Skew"", ""Dim"", ""FPTS"", ""FPTS/G"", ""SPTS"", ""SPTS/G"", ""P10"", ""P20"", ""P30"", ""P40"", ""P50"", ""P60"", ""P70"", ""P80"", ""P90"", ""TT10"", ""TT20"", ""TT30"", ""TT40"", ""TT50"", ""TT60"", ""TT70"", ""TT80"", ""TT90"", ""NameASCII"", ""PlayerId"", ""MLBAMID""]",decimal,projection,D:\JonAPythonClass\pycharm\last3yrsproj\steamerbatters2024pre.csv,hitter,3711,r_13cc5e0836804f8cb580b980,2024,cca9095955cf4f2eb004555a077996d55ba13220fe7482576f651d1d3cf0e157,Steamer
"[""Name"", ""Team"", ""G"", ""PA"", ""AB"", ""H"", ""1B"", ""2B"", ""3B"", ""HR"", ""R"", ""RBI"", ""BB"", ""IBB"", ""SO"", ""HBP"", ""SF"", ""SH"", ""GDP"", ""SB"", ""CS"", ""AVG"", ""BB%"", ""K%"", ""BB/K"", ""OBP"", ""SLG"", ""wOBA"", ""OPS"", ""ISO"", ""Spd"", ""BABIP"", ""UBR"", ""wSB"", ""wRC"", ""wRAA"", ""wRC+"", ""BsR"", ""Fld"", ""Off"", ""Def"", ""WAR"", ""ADP"", ""InterSD"", ""InterSK"", ""IntraSD"", ""Vol"", ""Skew"", ""Dim"", ""FPTS"", ""FPTS/G"", ""SPTS"", ""SPTS/G"", ""P10"", ""P20"", ""P30"", ""P40"", ""P50"", ""P60"", ""P70"", ""P80"", ""P90"", ""TT10"", ""TT20"", ""TT30"", ""TT40"", ""TT50"", ""TT60"", ""TT70"", ""TT80"", ""TT90"", ""NameASCII"", ""PlayerId"", ""MLBAMID""]",decimal,projection,D:\JonAPythonClass\pycharm\last3yrsproj\steamerbatters2025pre.csv,hitter,4140,r_f0eab1ec35f707b15220532a,2025,545b454cb4d466e99d5e8bafe8315d27cb290de2d2f0cc620571bb80ee7283e5,Steamer
"[""Name"", ""Team"", ""G"", ""PA"", ""AB"", ""H"", ""1B"", ""2B"", ""3B"", ""HR"", ""R"", ""RBI"", ""BB"", ""IBB"", ""SO"", ""HBP"", ""SF"", ""SH"", ""GDP"", ""SB"", ""CS"", ""AVG"", ""BB%"", ""K%"", ""BB/K"", ""OBP"", ""SLG"", ""wOBA"", ""OPS"", ""ISO"", ""Spd"", ""BABIP"", ""UBR"", ""wSB"", ""wRC"", ""wRAA"", ""wRC+"", ""BsR"", ""Fld"", ""Off"", ""Def"", ""WAR"", ""ADP"", ""InterSD"", ""InterSK"", ""IntraSD"", ""Vol"", ""Skew"", ""Dim"", ""FPTS"", ""FPTS/G"", ""SPTS"", ""SPTS/G"", ""P10"", ""P20"", ""P30"", ""P40"", ""P50"", ""P60"", ""P70"", ""P80"", ""P90"", ""TT10"", ""TT20"", ""TT30"", ""TT40"", ""TT50"", ""TT60"", ""TT70"", ""TT80"", ""TT90"", ""NameASCII"", ""PlayerId"", ""MLBAMID""]",decimal,projection,D:\JonAPythonClass\pycharm\last3yrsproj\steamerhitters2026pre.csv,hitter,4186,r_f913e711b0b6b9d8a2f283f2,2026,1bed3f627477a3a77b0cf9febcf859c0e360884338faa5b581b0d079a89707ec,Steamer
"[""Name"", ""Team"", ""W"", ""L"", ""QS"", ""ERA"", ""G"", ""GS"", ""SV"", ""HLD"", ""BS"", ""IP"", ""TBF"", ""H"", ""R"", ""ER"", ""HR"", ""BB"", ""IBB"", ""HBP"", ""SO"", ""K/9"", ""BB/9"", ""K/BB"", ""HR/9"", ""K%"", ""BB%"", ""K-BB%"", ""AVG"", ""WHIP"", ""BABIP"", ""LOB%"", ""GB%"", ""HR/FB"", ""FIP"", ""WAR"", ""RA9-WAR"", ""ADP"", ""InterSD"", ""InterSK"", ""IntraSD"", ""Vol"", ""Skew"", ""Dim"", ""FPTS"", ""FPTS/IP"", ""SPTS"", ""SPTS/IP"", ""P10"", ""P20"", ""P30"", ""P40"", ""P50"", ""P60"", ""P70"", ""P80"", ""P90"", ""TT10"", ""TT20"", ""TT30"", ""TT40"", ""TT50"", ""TT60"", ""TT70"", ""TT80"", ""TT90"", ""NameASCII"", ""PlayerId"", ""MLBAMID""]",decimal,projection,D:\JonAPythonClass\pycharm\last3yrsproj\steamerpitchers2024pre.csv,pitcher,5168,r_6850d95e83e8fb034cdf8d32,2024,4f4c56a031c8ca39fbe3cfcf6088ad11c6090060ab9995509c3cc73eeb6d25e8,Steamer
"[""Name"", ""Team"", ""W"", ""L"", ""QS"", ""ERA"", ""G"", ""GS"", ""SV"", ""HLD"", ""BS"", ""IP"", ""TBF"", ""H"", ""R"", ""ER"", ""HR"", ""BB"", ""IBB"", ""HBP"", ""SO"", ""K/9"", ""BB/9"", ""K/BB"", ""HR/9"", ""K%"", ""BB%"", ""K-BB%"", ""AVG"", ""WHIP"", ""BABIP"", ""LOB%"", ""GB%"", ""HR/FB"", ""FIP"", ""WAR"", ""RA9-WAR"", ""ADP"", ""InterSD"", ""InterSK"", ""IntraSD"", ""Vol"", ""Skew"", ""Dim"", ""FPTS"", ""FPTS/IP"", ""SPTS"", ""SPTS/IP"", ""P10"", ""P20"", ""P30"", ""P40"", ""P50"", ""P60"", ""P70"", ""P80"", ""P90"", ""TT10"", ""TT20"", ""TT30"", ""TT40"", ""TT50"", ""TT60"", ""TT70"", ""TT80"", ""TT90"", ""NameASCII"", ""PlayerId"", ""MLBAMID""]",decimal,projection,D:\JonAPythonClass\pycharm\last3yrsproj\steamerpitchers2025pre.csv,pitcher,5215,r_dfde4d08e0f100eb26c0c29b,2025,a8739dd50552089a3f1c207fafb882d16ce2544f2b2fe086614033ff9e4404e0,Steamer
"[""Name"", ""Team"", ""W"", ""L"", ""QS"", ""ERA"", ""G"", ""GS"", ""SV"", ""HLD"", ""BS"", ""IP"", ""TBF"", ""H"", ""R"", ""ER"", ""HR"", ""BB"", ""IBB"", ""HBP"", ""SO"", ""K/9"", ""BB/9"", ""K/BB"", ""HR/9"", ""K%"", ""BB%"", ""K-BB%"", ""AVG"", ""WHIP"", ""BABIP"", ""LOB%"", ""GB%"", ""HR/FB"", ""FIP"", ""WAR"", ""RA9-WAR"", ""ADP"", ""InterSD"", ""InterSK"", ""IntraSD"", ""Vol"", ""Skew"", ""Dim"", ""FPTS"", ""FPTS/IP"", ""SPTS"", ""SPTS/IP"", ""P10"", ""P20"", ""P30"", ""P40"", ""P50"", ""P60"", ""P70"", ""P80"", ""P90"", ""TT10"", ""TT20"", ""TT30"", ""TT40"", ""TT50"", ""TT60"", ""TT70"", ""TT80"", ""TT90"", ""NameASCII"", ""PlayerId"", ""MLBAMID""]",decimal,projection,D:\JonAPythonClass\pycharm\last3yrsproj\steamerpitchers2026pre.csv,pitcher,5162,r_5d1fc4a1d50058995079034b,2026,2302f309fc7eeec3fd80aa3f8a4da93a467b13f89b321e5945a6e0b4befa5ed6,Steamer
