canonical_metric,preservation,raw_field,run_id
,raw_json,Name,r_e16f9659549bfc3c4f501bea
,raw_json,Team,r_e16f9659549bfc3c4f501bea
W,raw_json,W,r_e16f9659549bfc3c4f501bea
L,raw_json,L,r_e16f9659549bfc3c4f501bea
QS,raw_json,QS,r_e16f9659549bfc3c4f501bea
ERA,raw_json,ERA,r_e16f9659549bfc3c4f501bea
G,raw_json,G,r_e16f9659549bfc3c4f501bea
GS,raw_json,GS,r_e16f9659549bfc3c4f501bea
SV,raw_json,SV,r_e16f9659549bfc3c4f501bea
HLD,raw_json,HLD,r_e16f9659549bfc3c4f501bea
IP,raw_json,IP,r_e16f9659549bfc3c4f501bea
TBF,raw_json,TBF,r_e16f9659549bfc3c4f501bea
H,raw_json,H,r_e16f9659549bfc3c4f501bea
R,raw_json,R,r_e16f9659549bfc3c4f501bea
ER,raw_json,ER,r_e16f9659549bfc3c4f501bea
HR,raw_json,HR,r_e16f9659549bfc3c4f501bea
BB,raw_json,BB,r_e16f9659549bfc3c4f501bea
IBB,raw_json,IBB,r_e16f9659549bfc3c4f501bea
HBP,raw_json,HBP,r_e16f9659549bfc3c4f501bea
SO,raw_json,SO,r_e16f9659549bfc3c4f501bea
K/9,raw_json,K/9,r_e16f9659549bfc3c4f501bea
BB/9,raw_json,BB/9,r_e16f9659549bfc3c4f501bea
K/BB,raw_json,K/BB,r_e16f9659549bfc3c4f501bea
HR/9,raw_json,HR/9,r_e16f9659549bfc3c4f501bea
K%,raw_json,K%,r_e16f9659549bfc3c4f501bea
BB%,raw_json,BB%,r_e16f9659549bfc3c4f501bea
K-BB%,raw_json,K-BB%,r_e16f9659549bfc3c4f501bea
AVG,raw_json,AVG,r_e16f9659549bfc3c4f501bea
WHIP,raw_json,WHIP,r_e16f9659549bfc3c4f501bea
BABIP,raw_json,BABIP,r_e16f9659549bfc3c4f501bea
LOB%,raw_json,LOB%,r_e16f9659549bfc3c4f501bea
GB%,raw_json,GB%,r_e16f9659549bfc3c4f501bea
HR/FB,raw_json,HR/FB,r_e16f9659549bfc3c4f501bea
FIP,raw_json,FIP,r_e16f9659549bfc3c4f501bea
WAR,raw_json,WAR,r_e16f9659549bfc3c4f501bea
RA9-WAR,raw_json,RA9-WAR,r_e16f9659549bfc3c4f501bea
ADP,raw_json,ADP,r_e16f9659549bfc3c4f501bea
InterSD,raw_json,InterSD,r_e16f9659549bfc3c4f501bea
InterSK,raw_json,InterSK,r_e16f9659549bfc3c4f501bea
IntraSD,raw_json,IntraSD,r_e16f9659549bfc3c4f501bea
,raw_json,PlayerId,r_e16f9659549bfc3c4f501bea
,raw_json,Name,r_0b3c65d7e5d3154f9fe4efdc
,raw_json,Team,r_0b3c65d7e5d3154f9fe4efdc
W,raw_json,W,r_0b3c65d7e5d3154f9fe4efdc
L,raw_json,L,r_0b3c65d7e5d3154f9fe4efdc
QS,raw_json,QS,r_0b3c65d7e5d3154f9fe4efdc
ERA,raw_json,ERA,r_0b3c65d7e5d3154f9fe4efdc
G,raw_json,G,r_0b3c65d7e5d3154f9fe4efdc
GS,raw_json,GS,r_0b3c65d7e5d3154f9fe4efdc
SV,raw_json,SV,r_0b3c65d7e5d3154f9fe4efdc
HLD,raw_json,HLD,r_0b3c65d7e5d3154f9fe4efdc
BS,raw_json,BS,r_0b3c65d7e5d3154f9fe4efdc
IP,raw_json,IP,r_0b3c65d7e5d3154f9fe4efdc
TBF,raw_json,TBF,r_0b3c65d7e5d3154f9fe4efdc
H,raw_json,H,r_0b3c65d7e5d3154f9fe4efdc
R,raw_json,R,r_0b3c65d7e5d3154f9fe4efdc
ER,raw_json,ER,r_0b3c65d7e5d3154f9fe4efdc
HR,raw_json,HR,r_0b3c65d7e5d3154f9fe4efdc
BB,raw_json,BB,r_0b3c65d7e5d3154f9fe4efdc
IBB,raw_json,IBB,r_0b3c65d7e5d3154f9fe4efdc
HBP,raw_json,HBP,r_0b3c65d7e5d3154f9fe4efdc
SO,raw_json,SO,r_0b3c65d7e5d3154f9fe4efdc
K/9,raw_json,K/9,r_0b3c65d7e5d3154f9fe4efdc
BB/9,raw_json,BB/9,r_0b3c65d7e5d3154f9fe4efdc
K/BB,raw_json,K/BB,r_0b3c65d7e5d3154f9fe4efdc
HR/9,raw_json,HR/9,r_0b3c65d7e5d3154f9fe4efdc
K%,raw_json,K%,r_0b3c65d7e5d3154f9fe4efdc
BB%,raw_json,BB%,r_0b3c65d7e5d3154f9fe4efdc
K-BB%,raw_json,K-BB%,r_0b3c65d7e5d3154f9fe4efdc
AVG,raw_json,AVG,r_0b3c65d7e5d3154f9fe4efdc
WHIP,raw_json,WHIP,r_0b3c65d7e5d3154f9fe4efdc
BABIP,raw_json,BABIP,r_0b3c65d7e5d3154f9fe4efdc
LOB%,raw_json,LOB%,r_0b3c65d7e5d3154f9fe4efdc
GB%,raw_json,GB%,r_0b3c65d7e5d3154f9fe4efdc
HR/FB,raw_json,HR/FB,r_0b3c65d7e5d3154f9fe4efdc
FIP,raw_json,FIP,r_0b3c65d7e5d3154f9fe4efdc
WAR,raw_json,WAR,r_0b3c65d7e5d3154f9fe4efdc
RA9-WAR,raw_json,RA9-WAR,r_0b3c65d7e5d3154f9fe4efdc
ADP,raw_json,ADP,r_0b3c65d7e5d3154f9fe4efdc
InterSD,raw_json,InterSD,r_0b3c65d7e5d3154f9fe4efdc
InterSK,raw_json,InterSK,r_0b3c65d7e5d3154f9fe4efdc
IntraSD,raw_json,IntraSD,r_0b3c65d7e5d3154f9fe4efdc
Vol,raw_json,Vol,r_0b3c65d7e5d3154f9fe4efdc
Skew,raw_json,Skew,r_0b3c65d7e5d3154f9fe4efdc
Dim,raw_json,Dim,r_0b3c65d7e5d3154f9fe4efdc
FPTS,raw_json,FPTS,r_0b3c65d7e5d3154f9fe4efdc
FPTS/IP,raw_json,FPTS/IP,r_0b3c65d7e5d3154f9fe4efdc
SPTS,raw_json,SPTS,r_0b3c65d7e5d3154f9fe4efdc
SPTS/IP,raw_json,SPTS/IP,r_0b3c65d7e5d3154f9fe4efdc
P10,raw_json,P10,r_0b3c65d7e5d3154f9fe4efdc
P20,raw_json,P20,r_0b3c65d7e5d3154f9fe4efdc
P30,raw_json,P30,r_0b3c65d7e5d3154f9fe4efdc
P40,raw_json,P40,r_0b3c65d7e5d3154f9fe4efdc
P50,raw_json,P50,r_0b3c65d7e5d3154f9fe4efdc
P60,raw_json,P60,r_0b3c65d7e5d3154f9fe4efdc
P70,raw_json,P70,r_0b3c65d7e5d3154f9fe4efdc
P80,raw_json,P80,r_0b3c65d7e5d3154f9fe4efdc
P90,raw_json,P90,r_0b3c65d7e5d3154f9fe4efdc
TT10,raw_json,TT10,r_0b3c65d7e5d3154f9fe4efdc
TT20,raw_json,TT20,r_0b3c65d7e5d3154f9fe4efdc
TT30,raw_json,TT30,r_0b3c65d7e5d3154f9fe4efdc
TT40,raw_json,TT40,r_0b3c65d7e5d3154f9fe4efdc
TT50,raw_json,TT50,r_0b3c65d7e5d3154f9fe4efdc
TT60,raw_json,TT60,r_0b3c65d7e5d3154f9fe4efdc
TT70,raw_json,TT70,r_0b3c65d7e5d3154f9fe4efdc
TT80,raw_json,TT80,r_0b3c65d7e5d3154f9fe4efdc
TT90,raw_json,TT90,r_0b3c65d7e5d3154f9fe4efdc
,raw_json,NameASCII,r_0b3c65d7e5d3154f9fe4efdc
,raw_json,PlayerId,r_0b3c65d7e5d3154f9fe4efdc
,raw_json,MLBAMID,r_0b3c65d7e5d3154f9fe4efdc
,raw_json,Name,r_8330af8a16a01497c6214716
,raw_json,Team,r_8330af8a16a01497c6214716
W,raw_json,W,r_8330af8a16a01497c6214716
L,raw_json,L,r_8330af8a16a01497c6214716
QS,raw_json,QS,r_8330af8a16a01497c6214716
ERA,raw_json,ERA,r_8330af8a16a01497c6214716
G,raw_json,G,r_8330af8a16a01497c6214716
GS,raw_json,GS,r_8330af8a16a01497c6214716
SV,raw_json,SV,r_8330af8a16a01497c6214716
HLD,raw_json,HLD,r_8330af8a16a01497c6214716
BS,raw_json,BS,r_8330af8a16a01497c6214716
IP,raw_json,IP,r_8330af8a16a01497c6214716
TBF,raw_json,TBF,r_8330af8a16a01497c6214716
H,raw_json,H,r_8330af8a16a01497c6214716
R,raw_json,R,r_8330af8a16a01497c6214716
ER,raw_json,ER,r_8330af8a16a01497c6214716
HR,raw_json,HR,r_8330af8a16a01497c6214716
BB,raw_json,BB,r_8330af8a16a01497c6214716
IBB,raw_json,IBB,r_8330af8a16a01497c6214716
HBP,raw_json,HBP,r_8330af8a16a01497c6214716
SO,raw_json,SO,r_8330af8a16a01497c6214716
K/9,raw_json,K/9,r_8330af8a16a01497c6214716
BB/9,raw_json,BB/9,r_8330af8a16a01497c6214716
K/BB,raw_json,K/BB,r_8330af8a16a01497c6214716
HR/9,raw_json,HR/9,r_8330af8a16a01497c6214716
K%,raw_json,K%,r_8330af8a16a01497c6214716
BB%,raw_json,BB%,r_8330af8a16a01497c6214716
K-BB%,raw_json,K-BB%,r_8330af8a16a01497c6214716
AVG,raw_json,AVG,r_8330af8a16a01497c6214716
WHIP,raw_json,WHIP,r_8330af8a16a01497c6214716
BABIP,raw_json,BABIP,r_8330af8a16a01497c6214716
LOB%,raw_json,LOB%,r_8330af8a16a01497c6214716
GB%,raw_json,GB%,r_8330af8a16a01497c6214716
HR/FB,raw_json,HR/FB,r_8330af8a16a01497c6214716
FIP,raw_json,FIP,r_8330af8a16a01497c6214716
WAR,raw_json,WAR,r_8330af8a16a01497c6214716
RA9-WAR,raw_json,RA9-WAR,r_8330af8a16a01497c6214716
ADP,raw_json,ADP,r_8330af8a16a01497c6214716
InterSD,raw_json,InterSD,r_8330af8a16a01497c6214716
InterSK,raw_json,InterSK,r_8330af8a16a01497c6214716
IntraSD,raw_json,IntraSD,r_8330af8a16a01497c6214716
Vol,raw_json,Vol,r_8330af8a16a01497c6214716
Skew,raw_json,Skew,r_8330af8a16a01497c6214716
Dim,raw_json,Dim,r_8330af8a16a01497c6214716
FPTS,raw_json,FPTS,r_8330af8a16a01497c6214716
FPTS/IP,raw_json,FPTS/IP,r_8330af8a16a01497c6214716
SPTS,raw_json,SPTS,r_8330af8a16a01497c6214716
SPTS/IP,raw_json,SPTS/IP,r_8330af8a16a01497c6214716
P10,raw_json,P10,r_8330af8a16a01497c6214716
P20,raw_json,P20,r_8330af8a16a01497c6214716
P30,raw_json,P30,r_8330af8a16a01497c6214716
P40,raw_json,P40,r_8330af8a16a01497c6214716
P50,raw_json,P50,r_8330af8a16a01497c6214716
P60,raw_json,P60,r_8330af8a16a01497c6214716
P70,raw_json,P70,r_8330af8a16a01497c6214716
P80,raw_json,P80,r_8330af8a16a01497c6214716
P90,raw_json,P90,r_8330af8a16a01497c6214716
TT10,raw_json,TT10,r_8330af8a16a01497c6214716
TT20,raw_json,TT20,r_8330af8a16a01497c6214716
TT30,raw_json,TT30,r_8330af8a16a01497c6214716
TT40,raw_json,TT40,r_8330af8a16a01497c6214716
TT50,raw_json,TT50,r_8330af8a16a01497c6214716
TT60,raw_json,TT60,r_8330af8a16a01497c6214716
TT70,raw_json,TT70,r_8330af8a16a01497c6214716
TT80,raw_json,TT80,r_8330af8a16a01497c6214716
TT90,raw_json,TT90,r_8330af8a16a01497c6214716
,raw_json,NameASCII,r_8330af8a16a01497c6214716
,raw_json,PlayerId,r_8330af8a16a01497c6214716
,raw_json,MLBAMID,r_8330af8a16a01497c6214716
,raw_json,Name,r_4144789d661d98cfd035c949
,raw_json,Team,r_4144789d661d98cfd035c949
G,raw_json,G,r_4144789d661d98cfd035c949
PA,raw_json,PA,r_4144789d661d98cfd035c949
AB,raw_json,AB,r_4144789d661d98cfd035c949
H,raw_json,H,r_4144789d661d98cfd035c949
1B,raw_json,1B,r_4144789d661d98cfd035c949
2B,raw_json,2B,r_4144789d661d98cfd035c949
3B,raw_json,3B,r_4144789d661d98cfd035c949
HR,raw_json,HR,r_4144789d661d98cfd035c949
R,raw_json,R,r_4144789d661d98cfd035c949
RBI,raw_json,RBI,r_4144789d661d98cfd035c949
BB,raw_json,BB,r_4144789d661d98cfd035c949
IBB,raw_json,IBB,r_4144789d661d98cfd035c949
SO,raw_json,SO,r_4144789d661d98cfd035c949
HBP,raw_json,HBP,r_4144789d661d98cfd035c949
SF,raw_json,SF,r_4144789d661d98cfd035c949
SH,raw_json,SH,r_4144789d661d98cfd035c949
GDP,raw_json,GDP,r_4144789d661d98cfd035c949
SB,raw_json,SB,r_4144789d661d98cfd035c949
CS,raw_json,CS,r_4144789d661d98cfd035c949
AVG,raw_json,AVG,r_4144789d661d98cfd035c949
BB%,raw_json,BB%,r_4144789d661d98cfd035c949
K%,raw_json,K%,r_4144789d661d98cfd035c949
BB/K,raw_json,BB/K,r_4144789d661d98cfd035c949
OBP,raw_json,OBP,r_4144789d661d98cfd035c949
SLG,raw_json,SLG,r_4144789d661d98cfd035c949
wOBA,raw_json,wOBA,r_4144789d661d98cfd035c949
OPS,raw_json,OPS,r_4144789d661d98cfd035c949
ISO,raw_json,ISO,r_4144789d661d98cfd035c949
Spd,raw_json,Spd,r_4144789d661d98cfd035c949
BABIP,raw_json,BABIP,r_4144789d661d98cfd035c949
UBR,raw_json,UBR,r_4144789d661d98cfd035c949
wSB,raw_json,wSB,r_4144789d661d98cfd035c949
wRC,raw_json,wRC,r_4144789d661d98cfd035c949
wRAA,raw_json,wRAA,r_4144789d661d98cfd035c949
wRC+,raw_json,wRC+,r_4144789d661d98cfd035c949
BsR,raw_json,BsR,r_4144789d661d98cfd035c949
Fld,raw_json,Fld,r_4144789d661d98cfd035c949
Off,raw_json,Off,r_4144789d661d98cfd035c949
Def,raw_json,Def,r_4144789d661d98cfd035c949
WAR,raw_json,WAR,r_4144789d661d98cfd035c949
ADP,raw_json,ADP,r_4144789d661d98cfd035c949
InterSD,raw_json,InterSD,r_4144789d661d98cfd035c949
InterSK,raw_json,InterSK,r_4144789d661d98cfd035c949
IntraSD,raw_json,IntraSD,r_4144789d661d98cfd035c949
,raw_json,PlayerId,r_4144789d661d98cfd035c949
,raw_json,Name,r_2f31474e2a0c046627cd4ca6
,raw_json,Team,r_2f31474e2a0c046627cd4ca6
G,raw_json,G,r_2f31474e2a0c046627cd4ca6
PA,raw_json,PA,r_2f31474e2a0c046627cd4ca6
AB,raw_json,AB,r_2f31474e2a0c046627cd4ca6
H,raw_json,H,r_2f31474e2a0c046627cd4ca6
1B,raw_json,1B,r_2f31474e2a0c046627cd4ca6
2B,raw_json,2B,r_2f31474e2a0c046627cd4ca6
3B,raw_json,3B,r_2f31474e2a0c046627cd4ca6
HR,raw_json,HR,r_2f31474e2a0c046627cd4ca6
R,raw_json,R,r_2f31474e2a0c046627cd4ca6
RBI,raw_json,RBI,r_2f31474e2a0c046627cd4ca6
BB,raw_json,BB,r_2f31474e2a0c046627cd4ca6
IBB,raw_json,IBB,r_2f31474e2a0c046627cd4ca6
SO,raw_json,SO,r_2f31474e2a0c046627cd4ca6
HBP,raw_json,HBP,r_2f31474e2a0c046627cd4ca6
SF,raw_json,SF,r_2f31474e2a0c046627cd4ca6
SH,raw_json,SH,r_2f31474e2a0c046627cd4ca6
GDP,raw_json,GDP,r_2f31474e2a0c046627cd4ca6
SB,raw_json,SB,r_2f31474e2a0c046627cd4ca6
CS,raw_json,CS,r_2f31474e2a0c046627cd4ca6
AVG,raw_json,AVG,r_2f31474e2a0c046627cd4ca6
BB%,raw_json,BB%,r_2f31474e2a0c046627cd4ca6
K%,raw_json,K%,r_2f31474e2a0c046627cd4ca6
BB/K,raw_json,BB/K,r_2f31474e2a0c046627cd4ca6
OBP,raw_json,OBP,r_2f31474e2a0c046627cd4ca6
SLG,raw_json,SLG,r_2f31474e2a0c046627cd4ca6
wOBA,raw_json,wOBA,r_2f31474e2a0c046627cd4ca6
OPS,raw_json,OPS,r_2f31474e2a0c046627cd4ca6
ISO,raw_json,ISO,r_2f31474e2a0c046627cd4ca6
Spd,raw_json,Spd,r_2f31474e2a0c046627cd4ca6
BABIP,raw_json,BABIP,r_2f31474e2a0c046627cd4ca6
UBR,raw_json,UBR,r_2f31474e2a0c046627cd4ca6
wSB,raw_json,wSB,r_2f31474e2a0c046627cd4ca6
wRC,raw_json,wRC,r_2f31474e2a0c046627cd4ca6
wRAA,raw_json,wRAA,r_2f31474e2a0c046627cd4ca6
wRC+,raw_json,wRC+,r_2f31474e2a0c046627cd4ca6
BsR,raw_json,BsR,r_2f31474e2a0c046627cd4ca6
Fld,raw_json,Fld,r_2f31474e2a0c046627cd4ca6
Off,raw_json,Off,r_2f31474e2a0c046627cd4ca6
Def,raw_json,Def,r_2f31474e2a0c046627cd4ca6
WAR,raw_json,WAR,r_2f31474e2a0c046627cd4ca6
ADP,raw_json,ADP,r_2f31474e2a0c046627cd4ca6
InterSD,raw_json,InterSD,r_2f31474e2a0c046627cd4ca6
InterSK,raw_json,InterSK,r_2f31474e2a0c046627cd4ca6
IntraSD,raw_json,IntraSD,r_2f31474e2a0c046627cd4ca6
Vol,raw_json,Vol,r_2f31474e2a0c046627cd4ca6
Skew,raw_json,Skew,r_2f31474e2a0c046627cd4ca6
Dim,raw_json,Dim,r_2f31474e2a0c046627cd4ca6
FPTS,raw_json,FPTS,r_2f31474e2a0c046627cd4ca6
FPTS/G,raw_json,FPTS/G,r_2f31474e2a0c046627cd4ca6
SPTS,raw_json,SPTS,r_2f31474e2a0c046627cd4ca6
SPTS/G,raw_json,SPTS/G,r_2f31474e2a0c046627cd4ca6
P10,raw_json,P10,r_2f31474e2a0c046627cd4ca6
P20,raw_json,P20,r_2f31474e2a0c046627cd4ca6
P30,raw_json,P30,r_2f31474e2a0c046627cd4ca6
P40,raw_json,P40,r_2f31474e2a0c046627cd4ca6
P50,raw_json,P50,r_2f31474e2a0c046627cd4ca6
P60,raw_json,P60,r_2f31474e2a0c046627cd4ca6
P70,raw_json,P70,r_2f31474e2a0c046627cd4ca6
P80,raw_json,P80,r_2f31474e2a0c046627cd4ca6
P90,raw_json,P90,r_2f31474e2a0c046627cd4ca6
TT10,raw_json,TT10,r_2f31474e2a0c046627cd4ca6
TT20,raw_json,TT20,r_2f31474e2a0c046627cd4ca6
TT30,raw_json,TT30,r_2f31474e2a0c046627cd4ca6
TT40,raw_json,TT40,r_2f31474e2a0c046627cd4ca6
TT50,raw_json,TT50,r_2f31474e2a0c046627cd4ca6
TT60,raw_json,TT60,r_2f31474e2a0c046627cd4ca6
TT70,raw_json,TT70,r_2f31474e2a0c046627cd4ca6
TT80,raw_json,TT80,r_2f31474e2a0c046627cd4ca6
TT90,raw_json,TT90,r_2f31474e2a0c046627cd4ca6
,raw_json,NameASCII,r_2f31474e2a0c046627cd4ca6
,raw_json,PlayerId,r_2f31474e2a0c046627cd4ca6
,raw_json,MLBAMID,r_2f31474e2a0c046627cd4ca6
,raw_json,Name,r_e7b45066121c470934ed3d30
,raw_json,Team,r_e7b45066121c470934ed3d30
G,raw_json,G,r_e7b45066121c470934ed3d30
PA,raw_json,PA,r_e7b45066121c470934ed3d30
AB,raw_json,AB,r_e7b45066121c470934ed3d30
H,raw_json,H,r_e7b45066121c470934ed3d30
1B,raw_json,1B,r_e7b45066121c470934ed3d30
2B,raw_json,2B,r_e7b45066121c470934ed3d30
3B,raw_json,3B,r_e7b45066121c470934ed3d30
HR,raw_json,HR,r_e7b45066121c470934ed3d30
R,raw_json,R,r_e7b45066121c470934ed3d30
RBI,raw_json,RBI,r_e7b45066121c470934ed3d30
BB,raw_json,BB,r_e7b45066121c470934ed3d30
IBB,raw_json,IBB,r_e7b45066121c470934ed3d30
SO,raw_json,SO,r_e7b45066121c470934ed3d30
HBP,raw_json,HBP,r_e7b45066121c470934ed3d30
SF,raw_json,SF,r_e7b45066121c470934ed3d30
SH,raw_json,SH,r_e7b45066121c470934ed3d30
GDP,raw_json,GDP,r_e7b45066121c470934ed3d30
SB,raw_json,SB,r_e7b45066121c470934ed3d30
CS,raw_json,CS,r_e7b45066121c470934ed3d30
AVG,raw_json,AVG,r_e7b45066121c470934ed3d30
BB%,raw_json,BB%,r_e7b45066121c470934ed3d30
K%,raw_json,K%,r_e7b45066121c470934ed3d30
BB/K,raw_json,BB/K,r_e7b45066121c470934ed3d30
OBP,raw_json,OBP,r_e7b45066121c470934ed3d30
SLG,raw_json,SLG,r_e7b45066121c470934ed3d30
wOBA,raw_json,wOBA,r_e7b45066121c470934ed3d30
OPS,raw_json,OPS,r_e7b45066121c470934ed3d30
ISO,raw_json,ISO,r_e7b45066121c470934ed3d30
Spd,raw_json,Spd,r_e7b45066121c470934ed3d30
BABIP,raw_json,BABIP,r_e7b45066121c470934ed3d30
UBR,raw_json,UBR,r_e7b45066121c470934ed3d30
wSB,raw_json,wSB,r_e7b45066121c470934ed3d30
wRC,raw_json,wRC,r_e7b45066121c470934ed3d30
wRAA,raw_json,wRAA,r_e7b45066121c470934ed3d30
wRC+,raw_json,wRC+,r_e7b45066121c470934ed3d30
BsR,raw_json,BsR,r_e7b45066121c470934ed3d30
Fld,raw_json,Fld,r_e7b45066121c470934ed3d30
Off,raw_json,Off,r_e7b45066121c470934ed3d30
Def,raw_json,Def,r_e7b45066121c470934ed3d30
WAR,raw_json,WAR,r_e7b45066121c470934ed3d30
ADP,raw_json,ADP,r_e7b45066121c470934ed3d30
InterSD,raw_json,InterSD,r_e7b45066121c470934ed3d30
InterSK,raw_json,InterSK,r_e7b45066121c470934ed3d30
IntraSD,raw_json,IntraSD,r_e7b45066121c470934ed3d30
Vol,raw_json,Vol,r_e7b45066121c470934ed3d30
Skew,raw_json,Skew,r_e7b45066121c470934ed3d30
Dim,raw_json,Dim,r_e7b45066121c470934ed3d30
FPTS,raw_json,FPTS,r_e7b45066121c470934ed3d30
FPTS/G,raw_json,FPTS/G,r_e7b45066121c470934ed3d30
SPTS,raw_json,SPTS,r_e7b45066121c470934ed3d30
SPTS/G,raw_json,SPTS/G,r_e7b45066121c470934ed3d30
P10,raw_json,P10,r_e7b45066121c470934ed3d30
P20,raw_json,P20,r_e7b45066121c470934ed3d30
P30,raw_json,P30,r_e7b45066121c470934ed3d30
P40,raw_json,P40,r_e7b45066121c470934ed3d30
P50,raw_json,P50,r_e7b45066121c470934ed3d30
P60,raw_json,P60,r_e7b45066121c470934ed3d30
P70,raw_json,P70,r_e7b45066121c470934ed3d30
P80,raw_json,P80,r_e7b45066121c470934ed3d30
P90,raw_json,P90,r_e7b45066121c470934ed3d30
TT10,raw_json,TT10,r_e7b45066121c470934ed3d30
TT20,raw_json,TT20,r_e7b45066121c470934ed3d30
TT30,raw_json,TT30,r_e7b45066121c470934ed3d30
TT40,raw_json,TT40,r_e7b45066121c470934ed3d30
TT50,raw_json,TT50,r_e7b45066121c470934ed3d30
TT60,raw_json,TT60,r_e7b45066121c470934ed3d30
TT70,raw_json,TT70,r_e7b45066121c470934ed3d30
TT80,raw_json,TT80,r_e7b45066121c470934ed3d30
TT90,raw_json,TT90,r_e7b45066121c470934ed3d30
,raw_json,NameASCII,r_e7b45066121c470934ed3d30
,raw_json,PlayerId,r_e7b45066121c470934ed3d30
,raw_json,MLBAMID,r_e7b45066121c470934ed3d30
,raw_json,Name,r_9bef792c9879830df0fc1aed
,raw_json,Team,r_9bef792c9879830df0fc1aed
G,raw_json,G,r_9bef792c9879830df0fc1aed
PA,raw_json,PA,r_9bef792c9879830df0fc1aed
AB,raw_json,AB,r_9bef792c9879830df0fc1aed
H,raw_json,H,r_9bef792c9879830df0fc1aed
1B,raw_json,1B,r_9bef792c9879830df0fc1aed
2B,raw_json,2B,r_9bef792c9879830df0fc1aed
3B,raw_json,3B,r_9bef792c9879830df0fc1aed
HR,raw_json,HR,r_9bef792c9879830df0fc1aed
R,raw_json,R,r_9bef792c9879830df0fc1aed
RBI,raw_json,RBI,r_9bef792c9879830df0fc1aed
BB,raw_json,BB,r_9bef792c9879830df0fc1aed
IBB,raw_json,IBB,r_9bef792c9879830df0fc1aed
SO,raw_json,SO,r_9bef792c9879830df0fc1aed
HBP,raw_json,HBP,r_9bef792c9879830df0fc1aed
SF,raw_json,SF,r_9bef792c9879830df0fc1aed
SH,raw_json,SH,r_9bef792c9879830df0fc1aed
GDP,raw_json,GDP,r_9bef792c9879830df0fc1aed
SB,raw_json,SB,r_9bef792c9879830df0fc1aed
CS,raw_json,CS,r_9bef792c9879830df0fc1aed
AVG,raw_json,AVG,r_9bef792c9879830df0fc1aed
BB%,raw_json,BB%,r_9bef792c9879830df0fc1aed
K%,raw_json,K%,r_9bef792c9879830df0fc1aed
BB/K,raw_json,BB/K,r_9bef792c9879830df0fc1aed
OBP,raw_json,OBP,r_9bef792c9879830df0fc1aed
SLG,raw_json,SLG,r_9bef792c9879830df0fc1aed
wOBA,raw_json,wOBA,r_9bef792c9879830df0fc1aed
OPS,raw_json,OPS,r_9bef792c9879830df0fc1aed
ISO,raw_json,ISO,r_9bef792c9879830df0fc1aed
Spd,raw_json,Spd,r_9bef792c9879830df0fc1aed
BABIP,raw_json,BABIP,r_9bef792c9879830df0fc1aed
UBR,raw_json,UBR,r_9bef792c9879830df0fc1aed
wSB,raw_json,wSB,r_9bef792c9879830df0fc1aed
wRC,raw_json,wRC,r_9bef792c9879830df0fc1aed
wRAA,raw_json,wRAA,r_9bef792c9879830df0fc1aed
wRC+,raw_json,wRC+,r_9bef792c9879830df0fc1aed
BsR,raw_json,BsR,r_9bef792c9879830df0fc1aed
Fld,raw_json,Fld,r_9bef792c9879830df0fc1aed
Off,raw_json,Off,r_9bef792c9879830df0fc1aed
Def,raw_json,Def,r_9bef792c9879830df0fc1aed
WAR,raw_json,WAR,r_9bef792c9879830df0fc1aed
ADP,raw_json,ADP,r_9bef792c9879830df0fc1aed
InterSD,raw_json,InterSD,r_9bef792c9879830df0fc1aed
InterSK,raw_json,InterSK,r_9bef792c9879830df0fc1aed
IntraSD,raw_json,IntraSD,r_9bef792c9879830df0fc1aed
Vol,raw_json,Vol,r_9bef792c9879830df0fc1aed
Skew,raw_json,Skew,r_9bef792c9879830df0fc1aed
Dim,raw_json,Dim,r_9bef792c9879830df0fc1aed
FPTS,raw_json,FPTS,r_9bef792c9879830df0fc1aed
FPTS/G,raw_json,FPTS/G,r_9bef792c9879830df0fc1aed
SPTS,raw_json,SPTS,r_9bef792c9879830df0fc1aed
SPTS/G,raw_json,SPTS/G,r_9bef792c9879830df0fc1aed
P10,raw_json,P10,r_9bef792c9879830df0fc1aed
P20,raw_json,P20,r_9bef792c9879830df0fc1aed
P30,raw_json,P30,r_9bef792c9879830df0fc1aed
P40,raw_json,P40,r_9bef792c9879830df0fc1aed
P50,raw_json,P50,r_9bef792c9879830df0fc1aed
P60,raw_json,P60,r_9bef792c9879830df0fc1aed
P70,raw_json,P70,r_9bef792c9879830df0fc1aed
P80,raw_json,P80,r_9bef792c9879830df0fc1aed
P90,raw_json,P90,r_9bef792c9879830df0fc1aed
TT10,raw_json,TT10,r_9bef792c9879830df0fc1aed
TT20,raw_json,TT20,r_9bef792c9879830df0fc1aed
TT30,raw_json,TT30,r_9bef792c9879830df0fc1aed
TT40,raw_json,TT40,r_9bef792c9879830df0fc1aed
TT50,raw_json,TT50,r_9bef792c9879830df0fc1aed
TT60,raw_json,TT60,r_9bef792c9879830df0fc1aed
TT70,raw_json,TT70,r_9bef792c9879830df0fc1aed
TT80,raw_json,TT80,r_9bef792c9879830df0fc1aed
TT90,raw_json,TT90,r_9bef792c9879830df0fc1aed
,raw_json,NameASCII,r_9bef792c9879830df0fc1aed
,raw_json,PlayerId,r_9bef792c9879830df0fc1aed
,raw_json,MLBAMID,r_9bef792c9879830df0fc1aed
,raw_json,Name,r_8c8ccffe2f0268555005f44b
,raw_json,Team,r_8c8ccffe2f0268555005f44b
W,raw_json,W,r_8c8ccffe2f0268555005f44b
L,raw_json,L,r_8c8ccffe2f0268555005f44b
QS,raw_json,QS,r_8c8ccffe2f0268555005f44b
ERA,raw_json,ERA,r_8c8ccffe2f0268555005f44b
G,raw_json,G,r_8c8ccffe2f0268555005f44b
GS,raw_json,GS,r_8c8ccffe2f0268555005f44b
SV,raw_json,SV,r_8c8ccffe2f0268555005f44b
HLD,raw_json,HLD,r_8c8ccffe2f0268555005f44b
BS,raw_json,BS,r_8c8ccffe2f0268555005f44b
IP,raw_json,IP,r_8c8ccffe2f0268555005f44b
TBF,raw_json,TBF,r_8c8ccffe2f0268555005f44b
H,raw_json,H,r_8c8ccffe2f0268555005f44b
R,raw_json,R,r_8c8ccffe2f0268555005f44b
ER,raw_json,ER,r_8c8ccffe2f0268555005f44b
HR,raw_json,HR,r_8c8ccffe2f0268555005f44b
BB,raw_json,BB,r_8c8ccffe2f0268555005f44b
IBB,raw_json,IBB,r_8c8ccffe2f0268555005f44b
HBP,raw_json,HBP,r_8c8ccffe2f0268555005f44b
SO,raw_json,SO,r_8c8ccffe2f0268555005f44b
K/9,raw_json,K/9,r_8c8ccffe2f0268555005f44b
BB/9,raw_json,BB/9,r_8c8ccffe2f0268555005f44b
K/BB,raw_json,K/BB,r_8c8ccffe2f0268555005f44b
HR/9,raw_json,HR/9,r_8c8ccffe2f0268555005f44b
K%,raw_json,K%,r_8c8ccffe2f0268555005f44b
BB%,raw_json,BB%,r_8c8ccffe2f0268555005f44b
K-BB%,raw_json,K-BB%,r_8c8ccffe2f0268555005f44b
AVG,raw_json,AVG,r_8c8ccffe2f0268555005f44b
WHIP,raw_json,WHIP,r_8c8ccffe2f0268555005f44b
BABIP,raw_json,BABIP,r_8c8ccffe2f0268555005f44b
LOB%,raw_json,LOB%,r_8c8ccffe2f0268555005f44b
GB%,raw_json,GB%,r_8c8ccffe2f0268555005f44b
HR/FB,raw_json,HR/FB,r_8c8ccffe2f0268555005f44b
FIP,raw_json,FIP,r_8c8ccffe2f0268555005f44b
WAR,raw_json,WAR,r_8c8ccffe2f0268555005f44b
RA9-WAR,raw_json,RA9-WAR,r_8c8ccffe2f0268555005f44b
ADP,raw_json,ADP,r_8c8ccffe2f0268555005f44b
InterSD,raw_json,InterSD,r_8c8ccffe2f0268555005f44b
InterSK,raw_json,InterSK,r_8c8ccffe2f0268555005f44b
IntraSD,raw_json,IntraSD,r_8c8ccffe2f0268555005f44b
Vol,raw_json,Vol,r_8c8ccffe2f0268555005f44b
Skew,raw_json,Skew,r_8c8ccffe2f0268555005f44b
Dim,raw_json,Dim,r_8c8ccffe2f0268555005f44b
FPTS,raw_json,FPTS,r_8c8ccffe2f0268555005f44b
FPTS/IP,raw_json,FPTS/IP,r_8c8ccffe2f0268555005f44b
SPTS,raw_json,SPTS,r_8c8ccffe2f0268555005f44b
SPTS/IP,raw_json,SPTS/IP,r_8c8ccffe2f0268555005f44b
P10,raw_json,P10,r_8c8ccffe2f0268555005f44b
P20,raw_json,P20,r_8c8ccffe2f0268555005f44b
P30,raw_json,P30,r_8c8ccffe2f0268555005f44b
P40,raw_json,P40,r_8c8ccffe2f0268555005f44b
P50,raw_json,P50,r_8c8ccffe2f0268555005f44b
P60,raw_json,P60,r_8c8ccffe2f0268555005f44b
P70,raw_json,P70,r_8c8ccffe2f0268555005f44b
P80,raw_json,P80,r_8c8ccffe2f0268555005f44b
P90,raw_json,P90,r_8c8ccffe2f0268555005f44b
TT10,raw_json,TT10,r_8c8ccffe2f0268555005f44b
TT20,raw_json,TT20,r_8c8ccffe2f0268555005f44b
TT30,raw_json,TT30,r_8c8ccffe2f0268555005f44b
TT40,raw_json,TT40,r_8c8ccffe2f0268555005f44b
TT50,raw_json,TT50,r_8c8ccffe2f0268555005f44b
TT60,raw_json,TT60,r_8c8ccffe2f0268555005f44b
TT70,raw_json,TT70,r_8c8ccffe2f0268555005f44b
TT80,raw_json,TT80,r_8c8ccffe2f0268555005f44b
TT90,raw_json,TT90,r_8c8ccffe2f0268555005f44b
,raw_json,NameASCII,r_8c8ccffe2f0268555005f44b
,raw_json,PlayerId,r_8c8ccffe2f0268555005f44b
,raw_json,MLBAMID,r_8c8ccffe2f0268555005f44b
,raw_json,Name,r_68ad5760c2bdb413f7d0cb27
,raw_json,Team,r_68ad5760c2bdb413f7d0cb27
G,raw_json,G,r_68ad5760c2bdb413f7d0cb27
PA,raw_json,PA,r_68ad5760c2bdb413f7d0cb27
AB,raw_json,AB,r_68ad5760c2bdb413f7d0cb27
H,raw_json,H,r_68ad5760c2bdb413f7d0cb27
1B,raw_json,1B,r_68ad5760c2bdb413f7d0cb27
2B,raw_json,2B,r_68ad5760c2bdb413f7d0cb27
3B,raw_json,3B,r_68ad5760c2bdb413f7d0cb27
HR,raw_json,HR,r_68ad5760c2bdb413f7d0cb27
R,raw_json,R,r_68ad5760c2bdb413f7d0cb27
RBI,raw_json,RBI,r_68ad5760c2bdb413f7d0cb27
BB,raw_json,BB,r_68ad5760c2bdb413f7d0cb27
IBB,raw_json,IBB,r_68ad5760c2bdb413f7d0cb27
SO,raw_json,SO,r_68ad5760c2bdb413f7d0cb27
HBP,raw_json,HBP,r_68ad5760c2bdb413f7d0cb27
SF,raw_json,SF,r_68ad5760c2bdb413f7d0cb27
SH,raw_json,SH,r_68ad5760c2bdb413f7d0cb27
GDP,raw_json,GDP,r_68ad5760c2bdb413f7d0cb27
SB,raw_json,SB,r_68ad5760c2bdb413f7d0cb27
CS,raw_json,CS,r_68ad5760c2bdb413f7d0cb27
AVG,raw_json,AVG,r_68ad5760c2bdb413f7d0cb27
BB%,raw_json,BB%,r_68ad5760c2bdb413f7d0cb27
K%,raw_json,K%,r_68ad5760c2bdb413f7d0cb27
BB/K,raw_json,BB/K,r_68ad5760c2bdb413f7d0cb27
OBP,raw_json,OBP,r_68ad5760c2bdb413f7d0cb27
SLG,raw_json,SLG,r_68ad5760c2bdb413f7d0cb27
wOBA,raw_json,wOBA,r_68ad5760c2bdb413f7d0cb27
OPS,raw_json,OPS,r_68ad5760c2bdb413f7d0cb27
ISO,raw_json,ISO,r_68ad5760c2bdb413f7d0cb27
Spd,raw_json,Spd,r_68ad5760c2bdb413f7d0cb27
BABIP,raw_json,BABIP,r_68ad5760c2bdb413f7d0cb27
UBR,raw_json,UBR,r_68ad5760c2bdb413f7d0cb27
wSB,raw_json,wSB,r_68ad5760c2bdb413f7d0cb27
wRC,raw_json,wRC,r_68ad5760c2bdb413f7d0cb27
wRAA,raw_json,wRAA,r_68ad5760c2bdb413f7d0cb27
wRC+,raw_json,wRC+,r_68ad5760c2bdb413f7d0cb27
BsR,raw_json,BsR,r_68ad5760c2bdb413f7d0cb27
Fld,raw_json,Fld,r_68ad5760c2bdb413f7d0cb27
Off,raw_json,Off,r_68ad5760c2bdb413f7d0cb27
Def,raw_json,Def,r_68ad5760c2bdb413f7d0cb27
WAR,raw_json,WAR,r_68ad5760c2bdb413f7d0cb27
ADP,raw_json,ADP,r_68ad5760c2bdb413f7d0cb27
InterSD,raw_json,InterSD,r_68ad5760c2bdb413f7d0cb27
InterSK,raw_json,InterSK,r_68ad5760c2bdb413f7d0cb27
IntraSD,raw_json,IntraSD,r_68ad5760c2bdb413f7d0cb27
Vol,raw_json,Vol,r_68ad5760c2bdb413f7d0cb27
Skew,raw_json,Skew,r_68ad5760c2bdb413f7d0cb27
Dim,raw_json,Dim,r_68ad5760c2bdb413f7d0cb27
FPTS,raw_json,FPTS,r_68ad5760c2bdb413f7d0cb27
FPTS/G,raw_json,FPTS/G,r_68ad5760c2bdb413f7d0cb27
SPTS,raw_json,SPTS,r_68ad5760c2bdb413f7d0cb27
SPTS/G,raw_json,SPTS/G,r_68ad5760c2bdb413f7d0cb27
P10,raw_json,P10,r_68ad5760c2bdb413f7d0cb27
P20,raw_json,P20,r_68ad5760c2bdb413f7d0cb27
P30,raw_json,P30,r_68ad5760c2bdb413f7d0cb27
P40,raw_json,P40,r_68ad5760c2bdb413f7d0cb27
P50,raw_json,P50,r_68ad5760c2bdb413f7d0cb27
P60,raw_json,P60,r_68ad5760c2bdb413f7d0cb27
P70,raw_json,P70,r_68ad5760c2bdb413f7d0cb27
P80,raw_json,P80,r_68ad5760c2bdb413f7d0cb27
P90,raw_json,P90,r_68ad5760c2bdb413f7d0cb27
TT10,raw_json,TT10,r_68ad5760c2bdb413f7d0cb27
TT20,raw_json,TT20,r_68ad5760c2bdb413f7d0cb27
TT30,raw_json,TT30,r_68ad5760c2bdb413f7d0cb27
TT40,raw_json,TT40,r_68ad5760c2bdb413f7d0cb27
TT50,raw_json,TT50,r_68ad5760c2bdb413f7d0cb27
TT60,raw_json,TT60,r_68ad5760c2bdb413f7d0cb27
TT70,raw_json,TT70,r_68ad5760c2bdb413f7d0cb27
TT80,raw_json,TT80,r_68ad5760c2bdb413f7d0cb27
TT90,raw_json,TT90,r_68ad5760c2bdb413f7d0cb27
,raw_json,NameASCII,r_68ad5760c2bdb413f7d0cb27
,raw_json,PlayerId,r_68ad5760c2bdb413f7d0cb27
,raw_json,MLBAMID,r_68ad5760c2bdb413f7d0cb27
,raw_json,Name,r_13963373413dc96be7302baf
,raw_json,Team,r_13963373413dc96be7302baf
G,raw_json,G,r_13963373413dc96be7302baf
PA,raw_json,PA,r_13963373413dc96be7302baf
AB,raw_json,AB,r_13963373413dc96be7302baf
H,raw_json,H,r_13963373413dc96be7302baf
1B,raw_json,1B,r_13963373413dc96be7302baf
2B,raw_json,2B,r_13963373413dc96be7302baf
3B,raw_json,3B,r_13963373413dc96be7302baf
HR,raw_json,HR,r_13963373413dc96be7302baf
R,raw_json,R,r_13963373413dc96be7302baf
RBI,raw_json,RBI,r_13963373413dc96be7302baf
BB,raw_json,BB,r_13963373413dc96be7302baf
IBB,raw_json,IBB,r_13963373413dc96be7302baf
SO,raw_json,SO,r_13963373413dc96be7302baf
HBP,raw_json,HBP,r_13963373413dc96be7302baf
SF,raw_json,SF,r_13963373413dc96be7302baf
SH,raw_json,SH,r_13963373413dc96be7302baf
GDP,raw_json,GDP,r_13963373413dc96be7302baf
SB,raw_json,SB,r_13963373413dc96be7302baf
CS,raw_json,CS,r_13963373413dc96be7302baf
AVG,raw_json,AVG,r_13963373413dc96be7302baf
BB%,raw_json,BB%,r_13963373413dc96be7302baf
K%,raw_json,K%,r_13963373413dc96be7302baf
BB/K,raw_json,BB/K,r_13963373413dc96be7302baf
OBP,raw_json,OBP,r_13963373413dc96be7302baf
SLG,raw_json,SLG,r_13963373413dc96be7302baf
wOBA,raw_json,wOBA,r_13963373413dc96be7302baf
OPS,raw_json,OPS,r_13963373413dc96be7302baf
ISO,raw_json,ISO,r_13963373413dc96be7302baf
Spd,raw_json,Spd,r_13963373413dc96be7302baf
BABIP,raw_json,BABIP,r_13963373413dc96be7302baf
UBR,raw_json,UBR,r_13963373413dc96be7302baf
wSB,raw_json,wSB,r_13963373413dc96be7302baf
wRC,raw_json,wRC,r_13963373413dc96be7302baf
wRAA,raw_json,wRAA,r_13963373413dc96be7302baf
wRC+,raw_json,wRC+,r_13963373413dc96be7302baf
BsR,raw_json,BsR,r_13963373413dc96be7302baf
Fld,raw_json,Fld,r_13963373413dc96be7302baf
Off,raw_json,Off,r_13963373413dc96be7302baf
Def,raw_json,Def,r_13963373413dc96be7302baf
WAR,raw_json,WAR,r_13963373413dc96be7302baf
ADP,raw_json,ADP,r_13963373413dc96be7302baf
InterSD,raw_json,InterSD,r_13963373413dc96be7302baf
InterSK,raw_json,InterSK,r_13963373413dc96be7302baf
IntraSD,raw_json,IntraSD,r_13963373413dc96be7302baf
Vol,raw_json,Vol,r_13963373413dc96be7302baf
Skew,raw_json,Skew,r_13963373413dc96be7302baf
Dim,raw_json,Dim,r_13963373413dc96be7302baf
FPTS,raw_json,FPTS,r_13963373413dc96be7302baf
FPTS/G,raw_json,FPTS/G,r_13963373413dc96be7302baf
SPTS,raw_json,SPTS,r_13963373413dc96be7302baf
SPTS/G,raw_json,SPTS/G,r_13963373413dc96be7302baf
P10,raw_json,P10,r_13963373413dc96be7302baf
P20,raw_json,P20,r_13963373413dc96be7302baf
P30,raw_json,P30,r_13963373413dc96be7302baf
P40,raw_json,P40,r_13963373413dc96be7302baf
P50,raw_json,P50,r_13963373413dc96be7302baf
P60,raw_json,P60,r_13963373413dc96be7302baf
P70,raw_json,P70,r_13963373413dc96be7302baf
P80,raw_json,P80,r_13963373413dc96be7302baf
P90,raw_json,P90,r_13963373413dc96be7302baf
TT10,raw_json,TT10,r_13963373413dc96be7302baf
TT20,raw_json,TT20,r_13963373413dc96be7302baf
TT30,raw_json,TT30,r_13963373413dc96be7302baf
TT40,raw_json,TT40,r_13963373413dc96be7302baf
TT50,raw_json,TT50,r_13963373413dc96be7302baf
TT60,raw_json,TT60,r_13963373413dc96be7302baf
TT70,raw_json,TT70,r_13963373413dc96be7302baf
TT80,raw_json,TT80,r_13963373413dc96be7302baf
TT90,raw_json,TT90,r_13963373413dc96be7302baf
,raw_json,NameASCII,r_13963373413dc96be7302baf
,raw_json,PlayerId,r_13963373413dc96be7302baf
,raw_json,MLBAMID,r_13963373413dc96be7302baf
,raw_json,Name,r_04555dbb301499259289fb66
,raw_json,Team,r_04555dbb301499259289fb66
W,raw_json,W,r_04555dbb301499259289fb66
L,raw_json,L,r_04555dbb301499259289fb66
QS,raw_json,QS,r_04555dbb301499259289fb66
ERA,raw_json,ERA,r_04555dbb301499259289fb66
G,raw_json,G,r_04555dbb301499259289fb66
GS,raw_json,GS,r_04555dbb301499259289fb66
SV,raw_json,SV,r_04555dbb301499259289fb66
HLD,raw_json,HLD,r_04555dbb301499259289fb66
BS,raw_json,BS,r_04555dbb301499259289fb66
IP,raw_json,IP,r_04555dbb301499259289fb66
TBF,raw_json,TBF,r_04555dbb301499259289fb66
H,raw_json,H,r_04555dbb301499259289fb66
R,raw_json,R,r_04555dbb301499259289fb66
ER,raw_json,ER,r_04555dbb301499259289fb66
HR,raw_json,HR,r_04555dbb301499259289fb66
BB,raw_json,BB,r_04555dbb301499259289fb66
IBB,raw_json,IBB,r_04555dbb301499259289fb66
HBP,raw_json,HBP,r_04555dbb301499259289fb66
SO,raw_json,SO,r_04555dbb301499259289fb66
K/9,raw_json,K/9,r_04555dbb301499259289fb66
BB/9,raw_json,BB/9,r_04555dbb301499259289fb66
K/BB,raw_json,K/BB,r_04555dbb301499259289fb66
HR/9,raw_json,HR/9,r_04555dbb301499259289fb66
K%,raw_json,K%,r_04555dbb301499259289fb66
BB%,raw_json,BB%,r_04555dbb301499259289fb66
K-BB%,raw_json,K-BB%,r_04555dbb301499259289fb66
AVG,raw_json,AVG,r_04555dbb301499259289fb66
WHIP,raw_json,WHIP,r_04555dbb301499259289fb66
BABIP,raw_json,BABIP,r_04555dbb301499259289fb66
LOB%,raw_json,LOB%,r_04555dbb301499259289fb66
GB%,raw_json,GB%,r_04555dbb301499259289fb66
HR/FB,raw_json,HR/FB,r_04555dbb301499259289fb66
FIP,raw_json,FIP,r_04555dbb301499259289fb66
WAR,raw_json,WAR,r_04555dbb301499259289fb66
RA9-WAR,raw_json,RA9-WAR,r_04555dbb301499259289fb66
ADP,raw_json,ADP,r_04555dbb301499259289fb66
InterSD,raw_json,InterSD,r_04555dbb301499259289fb66
InterSK,raw_json,InterSK,r_04555dbb301499259289fb66
IntraSD,raw_json,IntraSD,r_04555dbb301499259289fb66
Vol,raw_json,Vol,r_04555dbb301499259289fb66
Skew,raw_json,Skew,r_04555dbb301499259289fb66
Dim,raw_json,Dim,r_04555dbb301499259289fb66
FPTS,raw_json,FPTS,r_04555dbb301499259289fb66
FPTS/IP,raw_json,FPTS/IP,r_04555dbb301499259289fb66
SPTS,raw_json,SPTS,r_04555dbb301499259289fb66
SPTS/IP,raw_json,SPTS/IP,r_04555dbb301499259289fb66
P10,raw_json,P10,r_04555dbb301499259289fb66
P20,raw_json,P20,r_04555dbb301499259289fb66
P30,raw_json,P30,r_04555dbb301499259289fb66
P40,raw_json,P40,r_04555dbb301499259289fb66
P50,raw_json,P50,r_04555dbb301499259289fb66
P60,raw_json,P60,r_04555dbb301499259289fb66
P70,raw_json,P70,r_04555dbb301499259289fb66
P80,raw_json,P80,r_04555dbb301499259289fb66
P90,raw_json,P90,r_04555dbb301499259289fb66
TT10,raw_json,TT10,r_04555dbb301499259289fb66
TT20,raw_json,TT20,r_04555dbb301499259289fb66
TT30,raw_json,TT30,r_04555dbb301499259289fb66
TT40,raw_json,TT40,r_04555dbb301499259289fb66
TT50,raw_json,TT50,r_04555dbb301499259289fb66
TT60,raw_json,TT60,r_04555dbb301499259289fb66
TT70,raw_json,TT70,r_04555dbb301499259289fb66
TT80,raw_json,TT80,r_04555dbb301499259289fb66
TT90,raw_json,TT90,r_04555dbb301499259289fb66
,raw_json,NameASCII,r_04555dbb301499259289fb66
,raw_json,PlayerId,r_04555dbb301499259289fb66
,raw_json,MLBAMID,r_04555dbb301499259289fb66
,raw_json,Name,r_321ca013c4443d908a714f6a
,raw_json,Team,r_321ca013c4443d908a714f6a
W,raw_json,W,r_321ca013c4443d908a714f6a
L,raw_json,L,r_321ca013c4443d908a714f6a
QS,raw_json,QS,r_321ca013c4443d908a714f6a
ERA,raw_json,ERA,r_321ca013c4443d908a714f6a
G,raw_json,G,r_321ca013c4443d908a714f6a
GS,raw_json,GS,r_321ca013c4443d908a714f6a
SV,raw_json,SV,r_321ca013c4443d908a714f6a
HLD,raw_json,HLD,r_321ca013c4443d908a714f6a
BS,raw_json,BS,r_321ca013c4443d908a714f6a
IP,raw_json,IP,r_321ca013c4443d908a714f6a
TBF,raw_json,TBF,r_321ca013c4443d908a714f6a
H,raw_json,H,r_321ca013c4443d908a714f6a
R,raw_json,R,r_321ca013c4443d908a714f6a
ER,raw_json,ER,r_321ca013c4443d908a714f6a
HR,raw_json,HR,r_321ca013c4443d908a714f6a
BB,raw_json,BB,r_321ca013c4443d908a714f6a
IBB,raw_json,IBB,r_321ca013c4443d908a714f6a
HBP,raw_json,HBP,r_321ca013c4443d908a714f6a
SO,raw_json,SO,r_321ca013c4443d908a714f6a
K/9,raw_json,K/9,r_321ca013c4443d908a714f6a
BB/9,raw_json,BB/9,r_321ca013c4443d908a714f6a
K/BB,raw_json,K/BB,r_321ca013c4443d908a714f6a
HR/9,raw_json,HR/9,r_321ca013c4443d908a714f6a
K%,raw_json,K%,r_321ca013c4443d908a714f6a
BB%,raw_json,BB%,r_321ca013c4443d908a714f6a
K-BB%,raw_json,K-BB%,r_321ca013c4443d908a714f6a
AVG,raw_json,AVG,r_321ca013c4443d908a714f6a
WHIP,raw_json,WHIP,r_321ca013c4443d908a714f6a
BABIP,raw_json,BABIP,r_321ca013c4443d908a714f6a
LOB%,raw_json,LOB%,r_321ca013c4443d908a714f6a
GB%,raw_json,GB%,r_321ca013c4443d908a714f6a
HR/FB,raw_json,HR/FB,r_321ca013c4443d908a714f6a
FIP,raw_json,FIP,r_321ca013c4443d908a714f6a
WAR,raw_json,WAR,r_321ca013c4443d908a714f6a
RA9-WAR,raw_json,RA9-WAR,r_321ca013c4443d908a714f6a
ADP,raw_json,ADP,r_321ca013c4443d908a714f6a
InterSD,raw_json,InterSD,r_321ca013c4443d908a714f6a
InterSK,raw_json,InterSK,r_321ca013c4443d908a714f6a
IntraSD,raw_json,IntraSD,r_321ca013c4443d908a714f6a
Vol,raw_json,Vol,r_321ca013c4443d908a714f6a
Skew,raw_json,Skew,r_321ca013c4443d908a714f6a
Dim,raw_json,Dim,r_321ca013c4443d908a714f6a
FPTS,raw_json,FPTS,r_321ca013c4443d908a714f6a
FPTS/IP,raw_json,FPTS/IP,r_321ca013c4443d908a714f6a
SPTS,raw_json,SPTS,r_321ca013c4443d908a714f6a
SPTS/IP,raw_json,SPTS/IP,r_321ca013c4443d908a714f6a
P10,raw_json,P10,r_321ca013c4443d908a714f6a
P20,raw_json,P20,r_321ca013c4443d908a714f6a
P30,raw_json,P30,r_321ca013c4443d908a714f6a
P40,raw_json,P40,r_321ca013c4443d908a714f6a
P50,raw_json,P50,r_321ca013c4443d908a714f6a
P60,raw_json,P60,r_321ca013c4443d908a714f6a
P70,raw_json,P70,r_321ca013c4443d908a714f6a
P80,raw_json,P80,r_321ca013c4443d908a714f6a
P90,raw_json,P90,r_321ca013c4443d908a714f6a
TT10,raw_json,TT10,r_321ca013c4443d908a714f6a
TT20,raw_json,TT20,r_321ca013c4443d908a714f6a
TT30,raw_json,TT30,r_321ca013c4443d908a714f6a
TT40,raw_json,TT40,r_321ca013c4443d908a714f6a
TT50,raw_json,TT50,r_321ca013c4443d908a714f6a
TT60,raw_json,TT60,r_321ca013c4443d908a714f6a
TT70,raw_json,TT70,r_321ca013c4443d908a714f6a
TT80,raw_json,TT80,r_321ca013c4443d908a714f6a
TT90,raw_json,TT90,r_321ca013c4443d908a714f6a
,raw_json,NameASCII,r_321ca013c4443d908a714f6a
,raw_json,PlayerId,r_321ca013c4443d908a714f6a
,raw_json,MLBAMID,r_321ca013c4443d908a714f6a
,raw_json,PlayerID,r_0b8a9687e25165becd721415
,raw_json,Player,r_0b8a9687e25165becd721415
,raw_json,Team,r_0b8a9687e25165becd721415
G,raw_json,G,r_0b8a9687e25165becd721415
GS,raw_json,GS,r_0b8a9687e25165becd721415
QS,raw_json,QS,r_0b8a9687e25165becd721415
CG,raw_json,CG,r_0b8a9687e25165becd721415
SHO,raw_json,SHO,r_0b8a9687e25165becd721415
IP,raw_json,IP,r_0b8a9687e25165becd721415
W,raw_json,W,r_0b8a9687e25165becd721415
L,raw_json,L,r_0b8a9687e25165becd721415
H,raw_json,H,r_0b8a9687e25165becd721415
HR,raw_json,HR,r_0b8a9687e25165becd721415
ER,raw_json,ER,r_0b8a9687e25165becd721415
BB,raw_json,BB,r_0b8a9687e25165becd721415
SO,raw_json,K,r_0b8a9687e25165becd721415
HLD,raw_json,HLD,r_0b8a9687e25165becd721415
SV,raw_json,SV,r_0b8a9687e25165becd721415
BS,raw_json,BS,r_0b8a9687e25165becd721415
ERA,raw_json,ERA,r_0b8a9687e25165becd721415
WHIP,raw_json,WHIP,r_0b8a9687e25165becd721415
K/9,raw_json,K/9,r_0b8a9687e25165becd721415
BB/9,raw_json,BB/9,r_0b8a9687e25165becd721415
K/BB,raw_json,K/BB,r_0b8a9687e25165becd721415
HR/9,raw_json,HR/9,r_0b8a9687e25165becd721415
,raw_json,PlayerID,r_fb1ed5dc76fc8939cd1d080a
,raw_json,Player,r_fb1ed5dc76fc8939cd1d080a
,raw_json,Team,r_fb1ed5dc76fc8939cd1d080a
G,raw_json,G,r_fb1ed5dc76fc8939cd1d080a
GS,raw_json,GS,r_fb1ed5dc76fc8939cd1d080a
QS,raw_json,QS,r_fb1ed5dc76fc8939cd1d080a
CG,raw_json,CG,r_fb1ed5dc76fc8939cd1d080a
SHO,raw_json,SHO,r_fb1ed5dc76fc8939cd1d080a
IP,raw_json,IP,r_fb1ed5dc76fc8939cd1d080a
W,raw_json,W,r_fb1ed5dc76fc8939cd1d080a
L,raw_json,L,r_fb1ed5dc76fc8939cd1d080a
H,raw_json,H,r_fb1ed5dc76fc8939cd1d080a
HR,raw_json,HR,r_fb1ed5dc76fc8939cd1d080a
ER,raw_json,ER,r_fb1ed5dc76fc8939cd1d080a
BB,raw_json,BB,r_fb1ed5dc76fc8939cd1d080a
SO,raw_json,SO,r_fb1ed5dc76fc8939cd1d080a
HLD,raw_json,HLD,r_fb1ed5dc76fc8939cd1d080a
SV,raw_json,SV,r_fb1ed5dc76fc8939cd1d080a
BS,raw_json,BS,r_fb1ed5dc76fc8939cd1d080a
ERA,raw_json,ERA,r_fb1ed5dc76fc8939cd1d080a
WHIP,raw_json,WHIP,r_fb1ed5dc76fc8939cd1d080a
K/9,raw_json,K/9,r_fb1ed5dc76fc8939cd1d080a
BB/9,raw_json,BB/9,r_fb1ed5dc76fc8939cd1d080a
K/BB,raw_json,K/BB,r_fb1ed5dc76fc8939cd1d080a
HR/9,raw_json,HR/9,r_fb1ed5dc76fc8939cd1d080a
,raw_json,Name,r_13cc5e0836804f8cb580b980
,raw_json,Team,r_13cc5e0836804f8cb580b980
G,raw_json,G,r_13cc5e0836804f8cb580b980
PA,raw_json,PA,r_13cc5e0836804f8cb580b980
AB,raw_json,AB,r_13cc5e0836804f8cb580b980
H,raw_json,H,r_13cc5e0836804f8cb580b980
1B,raw_json,1B,r_13cc5e0836804f8cb580b980
2B,raw_json,2B,r_13cc5e0836804f8cb580b980
3B,raw_json,3B,r_13cc5e0836804f8cb580b980
HR,raw_json,HR,r_13cc5e0836804f8cb580b980
R,raw_json,R,r_13cc5e0836804f8cb580b980
RBI,raw_json,RBI,r_13cc5e0836804f8cb580b980
BB,raw_json,BB,r_13cc5e0836804f8cb580b980
IBB,raw_json,IBB,r_13cc5e0836804f8cb580b980
SO,raw_json,SO,r_13cc5e0836804f8cb580b980
HBP,raw_json,HBP,r_13cc5e0836804f8cb580b980
SF,raw_json,SF,r_13cc5e0836804f8cb580b980
SH,raw_json,SH,r_13cc5e0836804f8cb580b980
GDP,raw_json,GDP,r_13cc5e0836804f8cb580b980
SB,raw_json,SB,r_13cc5e0836804f8cb580b980
CS,raw_json,CS,r_13cc5e0836804f8cb580b980
AVG,raw_json,AVG,r_13cc5e0836804f8cb580b980
BB%,raw_json,BB%,r_13cc5e0836804f8cb580b980
K%,raw_json,K%,r_13cc5e0836804f8cb580b980
BB/K,raw_json,BB/K,r_13cc5e0836804f8cb580b980
OBP,raw_json,OBP,r_13cc5e0836804f8cb580b980
SLG,raw_json,SLG,r_13cc5e0836804f8cb580b980
wOBA,raw_json,wOBA,r_13cc5e0836804f8cb580b980
OPS,raw_json,OPS,r_13cc5e0836804f8cb580b980
ISO,raw_json,ISO,r_13cc5e0836804f8cb580b980
Spd,raw_json,Spd,r_13cc5e0836804f8cb580b980
BABIP,raw_json,BABIP,r_13cc5e0836804f8cb580b980
UBR,raw_json,UBR,r_13cc5e0836804f8cb580b980
wSB,raw_json,wSB,r_13cc5e0836804f8cb580b980
wRC,raw_json,wRC,r_13cc5e0836804f8cb580b980
wRAA,raw_json,wRAA,r_13cc5e0836804f8cb580b980
wRC+,raw_json,wRC+,r_13cc5e0836804f8cb580b980
BsR,raw_json,BsR,r_13cc5e0836804f8cb580b980
Fld,raw_json,Fld,r_13cc5e0836804f8cb580b980
Off,raw_json,Off,r_13cc5e0836804f8cb580b980
Def,raw_json,Def,r_13cc5e0836804f8cb580b980
WAR,raw_json,WAR,r_13cc5e0836804f8cb580b980
ADP,raw_json,ADP,r_13cc5e0836804f8cb580b980
InterSD,raw_json,InterSD,r_13cc5e0836804f8cb580b980
InterSK,raw_json,InterSK,r_13cc5e0836804f8cb580b980
IntraSD,raw_json,IntraSD,r_13cc5e0836804f8cb580b980
Vol,raw_json,Vol,r_13cc5e0836804f8cb580b980
Skew,raw_json,Skew,r_13cc5e0836804f8cb580b980
Dim,raw_json,Dim,r_13cc5e0836804f8cb580b980
FPTS,raw_json,FPTS,r_13cc5e0836804f8cb580b980
FPTS/G,raw_json,FPTS/G,r_13cc5e0836804f8cb580b980
SPTS,raw_json,SPTS,r_13cc5e0836804f8cb580b980
SPTS/G,raw_json,SPTS/G,r_13cc5e0836804f8cb580b980
P10,raw_json,P10,r_13cc5e0836804f8cb580b980
P20,raw_json,P20,r_13cc5e0836804f8cb580b980
P30,raw_json,P30,r_13cc5e0836804f8cb580b980
P40,raw_json,P40,r_13cc5e0836804f8cb580b980
P50,raw_json,P50,r_13cc5e0836804f8cb580b980
P60,raw_json,P60,r_13cc5e0836804f8cb580b980
P70,raw_json,P70,r_13cc5e0836804f8cb580b980
P80,raw_json,P80,r_13cc5e0836804f8cb580b980
P90,raw_json,P90,r_13cc5e0836804f8cb580b980
TT10,raw_json,TT10,r_13cc5e0836804f8cb580b980
TT20,raw_json,TT20,r_13cc5e0836804f8cb580b980
TT30,raw_json,TT30,r_13cc5e0836804f8cb580b980
TT40,raw_json,TT40,r_13cc5e0836804f8cb580b980
TT50,raw_json,TT50,r_13cc5e0836804f8cb580b980
TT60,raw_json,TT60,r_13cc5e0836804f8cb580b980
TT70,raw_json,TT70,r_13cc5e0836804f8cb580b980
TT80,raw_json,TT80,r_13cc5e0836804f8cb580b980
TT90,raw_json,TT90,r_13cc5e0836804f8cb580b980
,raw_json,NameASCII,r_13cc5e0836804f8cb580b980
,raw_json,PlayerId,r_13cc5e0836804f8cb580b980
,raw_json,MLBAMID,r_13cc5e0836804f8cb580b980
,raw_json,Name,r_f0eab1ec35f707b15220532a
,raw_json,Team,r_f0eab1ec35f707b15220532a
G,raw_json,G,r_f0eab1ec35f707b15220532a
PA,raw_json,PA,r_f0eab1ec35f707b15220532a
AB,raw_json,AB,r_f0eab1ec35f707b15220532a
H,raw_json,H,r_f0eab1ec35f707b15220532a
1B,raw_json,1B,r_f0eab1ec35f707b15220532a
2B,raw_json,2B,r_f0eab1ec35f707b15220532a
3B,raw_json,3B,r_f0eab1ec35f707b15220532a
HR,raw_json,HR,r_f0eab1ec35f707b15220532a
R,raw_json,R,r_f0eab1ec35f707b15220532a
RBI,raw_json,RBI,r_f0eab1ec35f707b15220532a
BB,raw_json,BB,r_f0eab1ec35f707b15220532a
IBB,raw_json,IBB,r_f0eab1ec35f707b15220532a
SO,raw_json,SO,r_f0eab1ec35f707b15220532a
HBP,raw_json,HBP,r_f0eab1ec35f707b15220532a
SF,raw_json,SF,r_f0eab1ec35f707b15220532a
SH,raw_json,SH,r_f0eab1ec35f707b15220532a
GDP,raw_json,GDP,r_f0eab1ec35f707b15220532a
SB,raw_json,SB,r_f0eab1ec35f707b15220532a
CS,raw_json,CS,r_f0eab1ec35f707b15220532a
AVG,raw_json,AVG,r_f0eab1ec35f707b15220532a
BB%,raw_json,BB%,r_f0eab1ec35f707b15220532a
K%,raw_json,K%,r_f0eab1ec35f707b15220532a
BB/K,raw_json,BB/K,r_f0eab1ec35f707b15220532a
OBP,raw_json,OBP,r_f0eab1ec35f707b15220532a
SLG,raw_json,SLG,r_f0eab1ec35f707b15220532a
wOBA,raw_json,wOBA,r_f0eab1ec35f707b15220532a
OPS,raw_json,OPS,r_f0eab1ec35f707b15220532a
ISO,raw_json,ISO,r_f0eab1ec35f707b15220532a
Spd,raw_json,Spd,r_f0eab1ec35f707b15220532a
BABIP,raw_json,BABIP,r_f0eab1ec35f707b15220532a
UBR,raw_json,UBR,r_f0eab1ec35f707b15220532a
wSB,raw_json,wSB,r_f0eab1ec35f707b15220532a
wRC,raw_json,wRC,r_f0eab1ec35f707b15220532a
wRAA,raw_json,wRAA,r_f0eab1ec35f707b15220532a
wRC+,raw_json,wRC+,r_f0eab1ec35f707b15220532a
BsR,raw_json,BsR,r_f0eab1ec35f707b15220532a
Fld,raw_json,Fld,r_f0eab1ec35f707b15220532a
Off,raw_json,Off,r_f0eab1ec35f707b15220532a
Def,raw_json,Def,r_f0eab1ec35f707b15220532a
WAR,raw_json,WAR,r_f0eab1ec35f707b15220532a
ADP,raw_json,ADP,r_f0eab1ec35f707b15220532a
InterSD,raw_json,InterSD,r_f0eab1ec35f707b15220532a
InterSK,raw_json,InterSK,r_f0eab1ec35f707b15220532a
IntraSD,raw_json,IntraSD,r_f0eab1ec35f707b15220532a
Vol,raw_json,Vol,r_f0eab1ec35f707b15220532a
Skew,raw_json,Skew,r_f0eab1ec35f707b15220532a
Dim,raw_json,Dim,r_f0eab1ec35f707b15220532a
FPTS,raw_json,FPTS,r_f0eab1ec35f707b15220532a
FPTS/G,raw_json,FPTS/G,r_f0eab1ec35f707b15220532a
SPTS,raw_json,SPTS,r_f0eab1ec35f707b15220532a
SPTS/G,raw_json,SPTS/G,r_f0eab1ec35f707b15220532a
P10,raw_json,P10,r_f0eab1ec35f707b15220532a
P20,raw_json,P20,r_f0eab1ec35f707b15220532a
P30,raw_json,P30,r_f0eab1ec35f707b15220532a
P40,raw_json,P40,r_f0eab1ec35f707b15220532a
P50,raw_json,P50,r_f0eab1ec35f707b15220532a
P60,raw_json,P60,r_f0eab1ec35f707b15220532a
P70,raw_json,P70,r_f0eab1ec35f707b15220532a
P80,raw_json,P80,r_f0eab1ec35f707b15220532a
P90,raw_json,P90,r_f0eab1ec35f707b15220532a
TT10,raw_json,TT10,r_f0eab1ec35f707b15220532a
TT20,raw_json,TT20,r_f0eab1ec35f707b15220532a
TT30,raw_json,TT30,r_f0eab1ec35f707b15220532a
TT40,raw_json,TT40,r_f0eab1ec35f707b15220532a
TT50,raw_json,TT50,r_f0eab1ec35f707b15220532a
TT60,raw_json,TT60,r_f0eab1ec35f707b15220532a
TT70,raw_json,TT70,r_f0eab1ec35f707b15220532a
TT80,raw_json,TT80,r_f0eab1ec35f707b15220532a
TT90,raw_json,TT90,r_f0eab1ec35f707b15220532a
,raw_json,NameASCII,r_f0eab1ec35f707b15220532a
,raw_json,PlayerId,r_f0eab1ec35f707b15220532a
,raw_json,MLBAMID,r_f0eab1ec35f707b15220532a
,raw_json,Name,r_f913e711b0b6b9d8a2f283f2
,raw_json,Team,r_f913e711b0b6b9d8a2f283f2
G,raw_json,G,r_f913e711b0b6b9d8a2f283f2
PA,raw_json,PA,r_f913e711b0b6b9d8a2f283f2
AB,raw_json,AB,r_f913e711b0b6b9d8a2f283f2
H,raw_json,H,r_f913e711b0b6b9d8a2f283f2
1B,raw_json,1B,r_f913e711b0b6b9d8a2f283f2
2B,raw_json,2B,r_f913e711b0b6b9d8a2f283f2
3B,raw_json,3B,r_f913e711b0b6b9d8a2f283f2
HR,raw_json,HR,r_f913e711b0b6b9d8a2f283f2
R,raw_json,R,r_f913e711b0b6b9d8a2f283f2
RBI,raw_json,RBI,r_f913e711b0b6b9d8a2f283f2
BB,raw_json,BB,r_f913e711b0b6b9d8a2f283f2
IBB,raw_json,IBB,r_f913e711b0b6b9d8a2f283f2
SO,raw_json,SO,r_f913e711b0b6b9d8a2f283f2
HBP,raw_json,HBP,r_f913e711b0b6b9d8a2f283f2
SF,raw_json,SF,r_f913e711b0b6b9d8a2f283f2
SH,raw_json,SH,r_f913e711b0b6b9d8a2f283f2
GDP,raw_json,GDP,r_f913e711b0b6b9d8a2f283f2
SB,raw_json,SB,r_f913e711b0b6b9d8a2f283f2
CS,raw_json,CS,r_f913e711b0b6b9d8a2f283f2
AVG,raw_json,AVG,r_f913e711b0b6b9d8a2f283f2
BB%,raw_json,BB%,r_f913e711b0b6b9d8a2f283f2
K%,raw_json,K%,r_f913e711b0b6b9d8a2f283f2
BB/K,raw_json,BB/K,r_f913e711b0b6b9d8a2f283f2
OBP,raw_json,OBP,r_f913e711b0b6b9d8a2f283f2
SLG,raw_json,SLG,r_f913e711b0b6b9d8a2f283f2
wOBA,raw_json,wOBA,r_f913e711b0b6b9d8a2f283f2
OPS,raw_json,OPS,r_f913e711b0b6b9d8a2f283f2
ISO,raw_json,ISO,r_f913e711b0b6b9d8a2f283f2
Spd,raw_json,Spd,r_f913e711b0b6b9d8a2f283f2
BABIP,raw_json,BABIP,r_f913e711b0b6b9d8a2f283f2
UBR,raw_json,UBR,r_f913e711b0b6b9d8a2f283f2
wSB,raw_json,wSB,r_f913e711b0b6b9d8a2f283f2
wRC,raw_json,wRC,r_f913e711b0b6b9d8a2f283f2
wRAA,raw_json,wRAA,r_f913e711b0b6b9d8a2f283f2
wRC+,raw_json,wRC+,r_f913e711b0b6b9d8a2f283f2
BsR,raw_json,BsR,r_f913e711b0b6b9d8a2f283f2
Fld,raw_json,Fld,r_f913e711b0b6b9d8a2f283f2
Off,raw_json,Off,r_f913e711b0b6b9d8a2f283f2
Def,raw_json,Def,r_f913e711b0b6b9d8a2f283f2
WAR,raw_json,WAR,r_f913e711b0b6b9d8a2f283f2
ADP,raw_json,ADP,r_f913e711b0b6b9d8a2f283f2
InterSD,raw_json,InterSD,r_f913e711b0b6b9d8a2f283f2
InterSK,raw_json,InterSK,r_f913e711b0b6b9d8a2f283f2
IntraSD,raw_json,IntraSD,r_f913e711b0b6b9d8a2f283f2
Vol,raw_json,Vol,r_f913e711b0b6b9d8a2f283f2
Skew,raw_json,Skew,r_f913e711b0b6b9d8a2f283f2
Dim,raw_json,Dim,r_f913e711b0b6b9d8a2f283f2
FPTS,raw_json,FPTS,r_f913e711b0b6b9d8a2f283f2
FPTS/G,raw_json,FPTS/G,r_f913e711b0b6b9d8a2f283f2
SPTS,raw_json,SPTS,r_f913e711b0b6b9d8a2f283f2
SPTS/G,raw_json,SPTS/G,r_f913e711b0b6b9d8a2f283f2
P10,raw_json,P10,r_f913e711b0b6b9d8a2f283f2
P20,raw_json,P20,r_f913e711b0b6b9d8a2f283f2
P30,raw_json,P30,r_f913e711b0b6b9d8a2f283f2
P40,raw_json,P40,r_f913e711b0b6b9d8a2f283f2
P50,raw_json,P50,r_f913e711b0b6b9d8a2f283f2
P60,raw_json,P60,r_f913e711b0b6b9d8a2f283f2
P70,raw_json,P70,r_f913e711b0b6b9d8a2f283f2
P80,raw_json,P80,r_f913e711b0b6b9d8a2f283f2
P90,raw_json,P90,r_f913e711b0b6b9d8a2f283f2
TT10,raw_json,TT10,r_f913e711b0b6b9d8a2f283f2
TT20,raw_json,TT20,r_f913e711b0b6b9d8a2f283f2
TT30,raw_json,TT30,r_f913e711b0b6b9d8a2f283f2
TT40,raw_json,TT40,r_f913e711b0b6b9d8a2f283f2
TT50,raw_json,TT50,r_f913e711b0b6b9d8a2f283f2
TT60,raw_json,TT60,r_f913e711b0b6b9d8a2f283f2
TT70,raw_json,TT70,r_f913e711b0b6b9d8a2f283f2
TT80,raw_json,TT80,r_f913e711b0b6b9d8a2f283f2
TT90,raw_json,TT90,r_f913e711b0b6b9d8a2f283f2
,raw_json,NameASCII,r_f913e711b0b6b9d8a2f283f2
,raw_json,PlayerId,r_f913e711b0b6b9d8a2f283f2
,raw_json,MLBAMID,r_f913e711b0b6b9d8a2f283f2
,raw_json,Name,r_6850d95e83e8fb034cdf8d32
,raw_json,Team,r_6850d95e83e8fb034cdf8d32
W,raw_json,W,r_6850d95e83e8fb034cdf8d32
L,raw_json,L,r_6850d95e83e8fb034cdf8d32
QS,raw_json,QS,r_6850d95e83e8fb034cdf8d32
ERA,raw_json,ERA,r_6850d95e83e8fb034cdf8d32
G,raw_json,G,r_6850d95e83e8fb034cdf8d32
GS,raw_json,GS,r_6850d95e83e8fb034cdf8d32
SV,raw_json,SV,r_6850d95e83e8fb034cdf8d32
HLD,raw_json,HLD,r_6850d95e83e8fb034cdf8d32
BS,raw_json,BS,r_6850d95e83e8fb034cdf8d32
IP,raw_json,IP,r_6850d95e83e8fb034cdf8d32
TBF,raw_json,TBF,r_6850d95e83e8fb034cdf8d32
H,raw_json,H,r_6850d95e83e8fb034cdf8d32
R,raw_json,R,r_6850d95e83e8fb034cdf8d32
ER,raw_json,ER,r_6850d95e83e8fb034cdf8d32
HR,raw_json,HR,r_6850d95e83e8fb034cdf8d32
BB,raw_json,BB,r_6850d95e83e8fb034cdf8d32
IBB,raw_json,IBB,r_6850d95e83e8fb034cdf8d32
HBP,raw_json,HBP,r_6850d95e83e8fb034cdf8d32
SO,raw_json,SO,r_6850d95e83e8fb034cdf8d32
K/9,raw_json,K/9,r_6850d95e83e8fb034cdf8d32
BB/9,raw_json,BB/9,r_6850d95e83e8fb034cdf8d32
K/BB,raw_json,K/BB,r_6850d95e83e8fb034cdf8d32
HR/9,raw_json,HR/9,r_6850d95e83e8fb034cdf8d32
K%,raw_json,K%,r_6850d95e83e8fb034cdf8d32
BB%,raw_json,BB%,r_6850d95e83e8fb034cdf8d32
K-BB%,raw_json,K-BB%,r_6850d95e83e8fb034cdf8d32
AVG,raw_json,AVG,r_6850d95e83e8fb034cdf8d32
WHIP,raw_json,WHIP,r_6850d95e83e8fb034cdf8d32
BABIP,raw_json,BABIP,r_6850d95e83e8fb034cdf8d32
LOB%,raw_json,LOB%,r_6850d95e83e8fb034cdf8d32
GB%,raw_json,GB%,r_6850d95e83e8fb034cdf8d32
HR/FB,raw_json,HR/FB,r_6850d95e83e8fb034cdf8d32
FIP,raw_json,FIP,r_6850d95e83e8fb034cdf8d32
WAR,raw_json,WAR,r_6850d95e83e8fb034cdf8d32
RA9-WAR,raw_json,RA9-WAR,r_6850d95e83e8fb034cdf8d32
ADP,raw_json,ADP,r_6850d95e83e8fb034cdf8d32
InterSD,raw_json,InterSD,r_6850d95e83e8fb034cdf8d32
InterSK,raw_json,InterSK,r_6850d95e83e8fb034cdf8d32
IntraSD,raw_json,IntraSD,r_6850d95e83e8fb034cdf8d32
Vol,raw_json,Vol,r_6850d95e83e8fb034cdf8d32
Skew,raw_json,Skew,r_6850d95e83e8fb034cdf8d32
Dim,raw_json,Dim,r_6850d95e83e8fb034cdf8d32
FPTS,raw_json,FPTS,r_6850d95e83e8fb034cdf8d32
FPTS/IP,raw_json,FPTS/IP,r_6850d95e83e8fb034cdf8d32
SPTS,raw_json,SPTS,r_6850d95e83e8fb034cdf8d32
SPTS/IP,raw_json,SPTS/IP,r_6850d95e83e8fb034cdf8d32
P10,raw_json,P10,r_6850d95e83e8fb034cdf8d32
P20,raw_json,P20,r_6850d95e83e8fb034cdf8d32
P30,raw_json,P30,r_6850d95e83e8fb034cdf8d32
P40,raw_json,P40,r_6850d95e83e8fb034cdf8d32
P50,raw_json,P50,r_6850d95e83e8fb034cdf8d32
P60,raw_json,P60,r_6850d95e83e8fb034cdf8d32
P70,raw_json,P70,r_6850d95e83e8fb034cdf8d32
P80,raw_json,P80,r_6850d95e83e8fb034cdf8d32
P90,raw_json,P90,r_6850d95e83e8fb034cdf8d32
TT10,raw_json,TT10,r_6850d95e83e8fb034cdf8d32
TT20,raw_json,TT20,r_6850d95e83e8fb034cdf8d32
TT30,raw_json,TT30,r_6850d95e83e8fb034cdf8d32
TT40,raw_json,TT40,r_6850d95e83e8fb034cdf8d32
TT50,raw_json,TT50,r_6850d95e83e8fb034cdf8d32
TT60,raw_json,TT60,r_6850d95e83e8fb034cdf8d32
TT70,raw_json,TT70,r_6850d95e83e8fb034cdf8d32
TT80,raw_json,TT80,r_6850d95e83e8fb034cdf8d32
TT90,raw_json,TT90,r_6850d95e83e8fb034cdf8d32
,raw_json,NameASCII,r_6850d95e83e8fb034cdf8d32
,raw_json,PlayerId,r_6850d95e83e8fb034cdf8d32
,raw_json,MLBAMID,r_6850d95e83e8fb034cdf8d32
,raw_json,Name,r_dfde4d08e0f100eb26c0c29b
,raw_json,Team,r_dfde4d08e0f100eb26c0c29b
W,raw_json,W,r_dfde4d08e0f100eb26c0c29b
L,raw_json,L,r_dfde4d08e0f100eb26c0c29b
QS,raw_json,QS,r_dfde4d08e0f100eb26c0c29b
ERA,raw_json,ERA,r_dfde4d08e0f100eb26c0c29b
G,raw_json,G,r_dfde4d08e0f100eb26c0c29b
GS,raw_json,GS,r_dfde4d08e0f100eb26c0c29b
SV,raw_json,SV,r_dfde4d08e0f100eb26c0c29b
HLD,raw_json,HLD,r_dfde4d08e0f100eb26c0c29b
BS,raw_json,BS,r_dfde4d08e0f100eb26c0c29b
IP,raw_json,IP,r_dfde4d08e0f100eb26c0c29b
TBF,raw_json,TBF,r_dfde4d08e0f100eb26c0c29b
H,raw_json,H,r_dfde4d08e0f100eb26c0c29b
R,raw_json,R,r_dfde4d08e0f100eb26c0c29b
ER,raw_json,ER,r_dfde4d08e0f100eb26c0c29b
HR,raw_json,HR,r_dfde4d08e0f100eb26c0c29b
BB,raw_json,BB,r_dfde4d08e0f100eb26c0c29b
IBB,raw_json,IBB,r_dfde4d08e0f100eb26c0c29b
HBP,raw_json,HBP,r_dfde4d08e0f100eb26c0c29b
SO,raw_json,SO,r_dfde4d08e0f100eb26c0c29b
K/9,raw_json,K/9,r_dfde4d08e0f100eb26c0c29b
BB/9,raw_json,BB/9,r_dfde4d08e0f100eb26c0c29b
K/BB,raw_json,K/BB,r_dfde4d08e0f100eb26c0c29b
HR/9,raw_json,HR/9,r_dfde4d08e0f100eb26c0c29b
K%,raw_json,K%,r_dfde4d08e0f100eb26c0c29b
BB%,raw_json,BB%,r_dfde4d08e0f100eb26c0c29b
K-BB%,raw_json,K-BB%,r_dfde4d08e0f100eb26c0c29b
AVG,raw_json,AVG,r_dfde4d08e0f100eb26c0c29b
WHIP,raw_json,WHIP,r_dfde4d08e0f100eb26c0c29b
BABIP,raw_json,BABIP,r_dfde4d08e0f100eb26c0c29b
LOB%,raw_json,LOB%,r_dfde4d08e0f100eb26c0c29b
GB%,raw_json,GB%,r_dfde4d08e0f100eb26c0c29b
HR/FB,raw_json,HR/FB,r_dfde4d08e0f100eb26c0c29b
FIP,raw_json,FIP,r_dfde4d08e0f100eb26c0c29b
WAR,raw_json,WAR,r_dfde4d08e0f100eb26c0c29b
RA9-WAR,raw_json,RA9-WAR,r_dfde4d08e0f100eb26c0c29b
ADP,raw_json,ADP,r_dfde4d08e0f100eb26c0c29b
InterSD,raw_json,InterSD,r_dfde4d08e0f100eb26c0c29b
InterSK,raw_json,InterSK,r_dfde4d08e0f100eb26c0c29b
IntraSD,raw_json,IntraSD,r_dfde4d08e0f100eb26c0c29b
Vol,raw_json,Vol,r_dfde4d08e0f100eb26c0c29b
Skew,raw_json,Skew,r_dfde4d08e0f100eb26c0c29b
Dim,raw_json,Dim,r_dfde4d08e0f100eb26c0c29b
FPTS,raw_json,FPTS,r_dfde4d08e0f100eb26c0c29b
FPTS/IP,raw_json,FPTS/IP,r_dfde4d08e0f100eb26c0c29b
SPTS,raw_json,SPTS,r_dfde4d08e0f100eb26c0c29b
SPTS/IP,raw_json,SPTS/IP,r_dfde4d08e0f100eb26c0c29b
P10,raw_json,P10,r_dfde4d08e0f100eb26c0c29b
P20,raw_json,P20,r_dfde4d08e0f100eb26c0c29b
P30,raw_json,P30,r_dfde4d08e0f100eb26c0c29b
P40,raw_json,P40,r_dfde4d08e0f100eb26c0c29b
P50,raw_json,P50,r_dfde4d08e0f100eb26c0c29b
P60,raw_json,P60,r_dfde4d08e0f100eb26c0c29b
P70,raw_json,P70,r_dfde4d08e0f100eb26c0c29b
P80,raw_json,P80,r_dfde4d08e0f100eb26c0c29b
P90,raw_json,P90,r_dfde4d08e0f100eb26c0c29b
TT10,raw_json,TT10,r_dfde4d08e0f100eb26c0c29b
TT20,raw_json,TT20,r_dfde4d08e0f100eb26c0c29b
TT30,raw_json,TT30,r_dfde4d08e0f100eb26c0c29b
TT40,raw_json,TT40,r_dfde4d08e0f100eb26c0c29b
TT50,raw_json,TT50,r_dfde4d08e0f100eb26c0c29b
TT60,raw_json,TT60,r_dfde4d08e0f100eb26c0c29b
TT70,raw_json,TT70,r_dfde4d08e0f100eb26c0c29b
TT80,raw_json,TT80,r_dfde4d08e0f100eb26c0c29b
TT90,raw_json,TT90,r_dfde4d08e0f100eb26c0c29b
,raw_json,NameASCII,r_dfde4d08e0f100eb26c0c29b
,raw_json,PlayerId,r_dfde4d08e0f100eb26c0c29b
,raw_json,MLBAMID,r_dfde4d08e0f100eb26c0c29b
,raw_json,Name,r_5d1fc4a1d50058995079034b
,raw_json,Team,r_5d1fc4a1d50058995079034b
W,raw_json,W,r_5d1fc4a1d50058995079034b
L,raw_json,L,r_5d1fc4a1d50058995079034b
QS,raw_json,QS,r_5d1fc4a1d50058995079034b
ERA,raw_json,ERA,r_5d1fc4a1d50058995079034b
G,raw_json,G,r_5d1fc4a1d50058995079034b
GS,raw_json,GS,r_5d1fc4a1d50058995079034b
SV,raw_json,SV,r_5d1fc4a1d50058995079034b
HLD,raw_json,HLD,r_5d1fc4a1d50058995079034b
BS,raw_json,BS,r_5d1fc4a1d50058995079034b
IP,raw_json,IP,r_5d1fc4a1d50058995079034b
TBF,raw_json,TBF,r_5d1fc4a1d50058995079034b
H,raw_json,H,r_5d1fc4a1d50058995079034b
R,raw_json,R,r_5d1fc4a1d50058995079034b
ER,raw_json,ER,r_5d1fc4a1d50058995079034b
HR,raw_json,HR,r_5d1fc4a1d50058995079034b
BB,raw_json,BB,r_5d1fc4a1d50058995079034b
IBB,raw_json,IBB,r_5d1fc4a1d50058995079034b
HBP,raw_json,HBP,r_5d1fc4a1d50058995079034b
SO,raw_json,SO,r_5d1fc4a1d50058995079034b
K/9,raw_json,K/9,r_5d1fc4a1d50058995079034b
BB/9,raw_json,BB/9,r_5d1fc4a1d50058995079034b
K/BB,raw_json,K/BB,r_5d1fc4a1d50058995079034b
HR/9,raw_json,HR/9,r_5d1fc4a1d50058995079034b
K%,raw_json,K%,r_5d1fc4a1d50058995079034b
BB%,raw_json,BB%,r_5d1fc4a1d50058995079034b
K-BB%,raw_json,K-BB%,r_5d1fc4a1d50058995079034b
AVG,raw_json,AVG,r_5d1fc4a1d50058995079034b
WHIP,raw_json,WHIP,r_5d1fc4a1d50058995079034b
BABIP,raw_json,BABIP,r_5d1fc4a1d50058995079034b
LOB%,raw_json,LOB%,r_5d1fc4a1d50058995079034b
GB%,raw_json,GB%,r_5d1fc4a1d50058995079034b
HR/FB,raw_json,HR/FB,r_5d1fc4a1d50058995079034b
FIP,raw_json,FIP,r_5d1fc4a1d50058995079034b
WAR,raw_json,WAR,r_5d1fc4a1d50058995079034b
RA9-WAR,raw_json,RA9-WAR,r_5d1fc4a1d50058995079034b
ADP,raw_json,ADP,r_5d1fc4a1d50058995079034b
InterSD,raw_json,InterSD,r_5d1fc4a1d50058995079034b
InterSK,raw_json,InterSK,r_5d1fc4a1d50058995079034b
IntraSD,raw_json,IntraSD,r_5d1fc4a1d50058995079034b
Vol,raw_json,Vol,r_5d1fc4a1d50058995079034b
Skew,raw_json,Skew,r_5d1fc4a1d50058995079034b
Dim,raw_json,Dim,r_5d1fc4a1d50058995079034b
FPTS,raw_json,FPTS,r_5d1fc4a1d50058995079034b
FPTS/IP,raw_json,FPTS/IP,r_5d1fc4a1d50058995079034b
SPTS,raw_json,SPTS,r_5d1fc4a1d50058995079034b
SPTS/IP,raw_json,SPTS/IP,r_5d1fc4a1d50058995079034b
P10,raw_json,P10,r_5d1fc4a1d50058995079034b
P20,raw_json,P20,r_5d1fc4a1d50058995079034b
P30,raw_json,P30,r_5d1fc4a1d50058995079034b
P40,raw_json,P40,r_5d1fc4a1d50058995079034b
P50,raw_json,P50,r_5d1fc4a1d50058995079034b
P60,raw_json,P60,r_5d1fc4a1d50058995079034b
P70,raw_json,P70,r_5d1fc4a1d50058995079034b
P80,raw_json,P80,r_5d1fc4a1d50058995079034b
P90,raw_json,P90,r_5d1fc4a1d50058995079034b
TT10,raw_json,TT10,r_5d1fc4a1d50058995079034b
TT20,raw_json,TT20,r_5d1fc4a1d50058995079034b
TT30,raw_json,TT30,r_5d1fc4a1d50058995079034b
TT40,raw_json,TT40,r_5d1fc4a1d50058995079034b
TT50,raw_json,TT50,r_5d1fc4a1d50058995079034b
TT60,raw_json,TT60,r_5d1fc4a1d50058995079034b
TT70,raw_json,TT70,r_5d1fc4a1d50058995079034b
TT80,raw_json,TT80,r_5d1fc4a1d50058995079034b
TT90,raw_json,TT90,r_5d1fc4a1d50058995079034b
,raw_json,NameASCII,r_5d1fc4a1d50058995079034b
,raw_json,PlayerId,r_5d1fc4a1d50058995079034b
,raw_json,MLBAMID,r_5d1fc4a1d50058995079034b
,raw_json,Season,r_6a13160e841992e60d897765
,raw_json,Name,r_6a13160e841992e60d897765
,raw_json,Team,r_6a13160e841992e60d897765
G,raw_json,G,r_6a13160e841992e60d897765
PA,raw_json,PA,r_6a13160e841992e60d897765
HR,raw_json,HR,r_6a13160e841992e60d897765
R,raw_json,R,r_6a13160e841992e60d897765
RBI,raw_json,RBI,r_6a13160e841992e60d897765
SB,raw_json,SB,r_6a13160e841992e60d897765
BB%,raw_json,BB%,r_6a13160e841992e60d897765
K%,raw_json,K%,r_6a13160e841992e60d897765
ISO,raw_json,ISO,r_6a13160e841992e60d897765
BABIP,raw_json,BABIP,r_6a13160e841992e60d897765
AVG,raw_json,AVG,r_6a13160e841992e60d897765
OBP,raw_json,OBP,r_6a13160e841992e60d897765
SLG,raw_json,SLG,r_6a13160e841992e60d897765
wOBA,raw_json,wOBA,r_6a13160e841992e60d897765
xwOBA,raw_json,xwOBA,r_6a13160e841992e60d897765
wRC+,raw_json,wRC+,r_6a13160e841992e60d897765
BsR,raw_json,BsR,r_6a13160e841992e60d897765
Off,raw_json,Off,r_6a13160e841992e60d897765
Def,raw_json,Def,r_6a13160e841992e60d897765
WAR,raw_json,WAR,r_6a13160e841992e60d897765
H,raw_json,H,r_6a13160e841992e60d897765
1B,raw_json,1B,r_6a13160e841992e60d897765
2B,raw_json,2B,r_6a13160e841992e60d897765
3B,raw_json,3B,r_6a13160e841992e60d897765
BB,raw_json,BB,r_6a13160e841992e60d897765
IBB,raw_json,IBB,r_6a13160e841992e60d897765
SO,raw_json,SO,r_6a13160e841992e60d897765
HBP,raw_json,HBP,r_6a13160e841992e60d897765
SF,raw_json,SF,r_6a13160e841992e60d897765
SH,raw_json,SH,r_6a13160e841992e60d897765
GDP,raw_json,GDP,r_6a13160e841992e60d897765
CS,raw_json,CS,r_6a13160e841992e60d897765
LD%,raw_json,LD%,r_6a13160e841992e60d897765
GB%,raw_json,GB%,r_6a13160e841992e60d897765
FB%,raw_json,FB%,r_6a13160e841992e60d897765
IFFB%,raw_json,IFFB%,r_6a13160e841992e60d897765
HR/FB,raw_json,HR/FB,r_6a13160e841992e60d897765
Pull%,raw_json,Pull%,r_6a13160e841992e60d897765
Soft%,raw_json,Soft%,r_6a13160e841992e60d897765
Med%,raw_json,Med%,r_6a13160e841992e60d897765
Hard%,raw_json,Hard%,r_6a13160e841992e60d897765
EV,raw_json,EV,r_6a13160e841992e60d897765
LA,raw_json,LA,r_6a13160e841992e60d897765
Barrels,raw_json,Barrels,r_6a13160e841992e60d897765
Barrel%,raw_json,Barrel%,r_6a13160e841992e60d897765
maxEV,raw_json,maxEV,r_6a13160e841992e60d897765
HardHit,raw_json,HardHit,r_6a13160e841992e60d897765
HardHit%,raw_json,HardHit%,r_6a13160e841992e60d897765
Events,raw_json,Events,r_6a13160e841992e60d897765
xBA,raw_json,xBA,r_6a13160e841992e60d897765
xSLG,raw_json,xSLG,r_6a13160e841992e60d897765
EV90,raw_json,EV90,r_6a13160e841992e60d897765
BatSpd,raw_json,BatSpd,r_6a13160e841992e60d897765
O-Swing%,raw_json,O-Swing%,r_6a13160e841992e60d897765
Z-Swing%,raw_json,Z-Swing%,r_6a13160e841992e60d897765
Swing%,raw_json,Swing%,r_6a13160e841992e60d897765
O-Contact%,raw_json,O-Contact%,r_6a13160e841992e60d897765
Z-Contact%,raw_json,Z-Contact%,r_6a13160e841992e60d897765
Contact%,raw_json,Contact%,r_6a13160e841992e60d897765
Zone%,raw_json,Zone%,r_6a13160e841992e60d897765
F-Strike%,raw_json,F-Strike%,r_6a13160e841992e60d897765
SwStr%,raw_json,SwStr%,r_6a13160e841992e60d897765
CStr%,raw_json,CStr%,r_6a13160e841992e60d897765
,raw_json,NameASCII,r_6a13160e841992e60d897765
,raw_json,PlayerId,r_6a13160e841992e60d897765
,raw_json,MLBAMID,r_6a13160e841992e60d897765
,raw_json,Season,r_150f69813f4070333f9d3b02
,raw_json,Name,r_150f69813f4070333f9d3b02
,raw_json,Team,r_150f69813f4070333f9d3b02
W,raw_json,W,r_150f69813f4070333f9d3b02
L,raw_json,L,r_150f69813f4070333f9d3b02
SV,raw_json,SV,r_150f69813f4070333f9d3b02
G,raw_json,G,r_150f69813f4070333f9d3b02
GS,raw_json,GS,r_150f69813f4070333f9d3b02
IP,raw_json,IP,r_150f69813f4070333f9d3b02
K/9,raw_json,K/9,r_150f69813f4070333f9d3b02
BB/9,raw_json,BB/9,r_150f69813f4070333f9d3b02
HR/9,raw_json,HR/9,r_150f69813f4070333f9d3b02
BABIP,raw_json,BABIP,r_150f69813f4070333f9d3b02
LOB%,raw_json,LOB%,r_150f69813f4070333f9d3b02
GB%,raw_json,GB%,r_150f69813f4070333f9d3b02
HR/FB,raw_json,HR/FB,r_150f69813f4070333f9d3b02
vFA (pi),raw_json,vFA (pi),r_150f69813f4070333f9d3b02
ERA,raw_json,ERA,r_150f69813f4070333f9d3b02
xERA,raw_json,xERA,r_150f69813f4070333f9d3b02
FIP,raw_json,FIP,r_150f69813f4070333f9d3b02
xFIP,raw_json,xFIP,r_150f69813f4070333f9d3b02
WAR,raw_json,WAR,r_150f69813f4070333f9d3b02
CG,raw_json,CG,r_150f69813f4070333f9d3b02
SHO,raw_json,ShO,r_150f69813f4070333f9d3b02
BS,raw_json,BS,r_150f69813f4070333f9d3b02
TBF,raw_json,TBF,r_150f69813f4070333f9d3b02
H,raw_json,H,r_150f69813f4070333f9d3b02
R,raw_json,R,r_150f69813f4070333f9d3b02
ER,raw_json,ER,r_150f69813f4070333f9d3b02
HR,raw_json,HR,r_150f69813f4070333f9d3b02
BB,raw_json,BB,r_150f69813f4070333f9d3b02
IBB,raw_json,IBB,r_150f69813f4070333f9d3b02
HBP,raw_json,HBP,r_150f69813f4070333f9d3b02
WP,raw_json,WP,r_150f69813f4070333f9d3b02
BK,raw_json,BK,r_150f69813f4070333f9d3b02
SO,raw_json,SO,r_150f69813f4070333f9d3b02
Balls,raw_json,Balls,r_150f69813f4070333f9d3b02
Strikes,raw_json,Strikes,r_150f69813f4070333f9d3b02
Pitches,raw_json,Pitches,r_150f69813f4070333f9d3b02
K/BB,raw_json,K/BB,r_150f69813f4070333f9d3b02
WHIP,raw_json,WHIP,r_150f69813f4070333f9d3b02
GB/FB,raw_json,GB/FB,r_150f69813f4070333f9d3b02
LD%,raw_json,LD%,r_150f69813f4070333f9d3b02
FB%,raw_json,FB%,r_150f69813f4070333f9d3b02
,raw_json,HR/FB__2,r_150f69813f4070333f9d3b02
,raw_json,FB%__2,r_150f69813f4070333f9d3b02
FBv,raw_json,FBv,r_150f69813f4070333f9d3b02
SL%,raw_json,SL%,r_150f69813f4070333f9d3b02
SLv,raw_json,SLv,r_150f69813f4070333f9d3b02
CT%,raw_json,CT%,r_150f69813f4070333f9d3b02
CTv,raw_json,CTv,r_150f69813f4070333f9d3b02
CB%,raw_json,CB%,r_150f69813f4070333f9d3b02
CBv,raw_json,CBv,r_150f69813f4070333f9d3b02
CH%,raw_json,CH%,r_150f69813f4070333f9d3b02
CHv,raw_json,CHv,r_150f69813f4070333f9d3b02
SF%,raw_json,SF%,r_150f69813f4070333f9d3b02
SFv,raw_json,SFv,r_150f69813f4070333f9d3b02
KN%,raw_json,KN%,r_150f69813f4070333f9d3b02
KNv,raw_json,KNv,r_150f69813f4070333f9d3b02
XX%,raw_json,XX%,r_150f69813f4070333f9d3b02
O-Swing%,raw_json,O-Swing%,r_150f69813f4070333f9d3b02
Z-Swing%,raw_json,Z-Swing%,r_150f69813f4070333f9d3b02
Swing%,raw_json,Swing%,r_150f69813f4070333f9d3b02
O-Contact%,raw_json,O-Contact%,r_150f69813f4070333f9d3b02
Z-Contact%,raw_json,Z-Contact%,r_150f69813f4070333f9d3b02
Contact%,raw_json,Contact%,r_150f69813f4070333f9d3b02
Zone%,raw_json,Zone%,r_150f69813f4070333f9d3b02
F-Strike%,raw_json,F-Strike%,r_150f69813f4070333f9d3b02
SwStr%,raw_json,SwStr%,r_150f69813f4070333f9d3b02
HLD,raw_json,HLD,r_150f69813f4070333f9d3b02
K%,raw_json,K%,r_150f69813f4070333f9d3b02
BB%,raw_json,BB%,r_150f69813f4070333f9d3b02
SIERA,raw_json,SIERA,r_150f69813f4070333f9d3b02
K-BB%,raw_json,K-BB%,r_150f69813f4070333f9d3b02
Pull%,raw_json,Pull%,r_150f69813f4070333f9d3b02
CStr%,raw_json,CStr%,r_150f69813f4070333f9d3b02
CSW%,raw_json,CSW%,r_150f69813f4070333f9d3b02
Stuff+,raw_json,Stuff+,r_150f69813f4070333f9d3b02
Location+,raw_json,Location+,r_150f69813f4070333f9d3b02
Pitching+,raw_json,Pitching+,r_150f69813f4070333f9d3b02
QS,raw_json,QS,r_150f69813f4070333f9d3b02
,raw_json,NameASCII,r_150f69813f4070333f9d3b02
,raw_json,PlayerId,r_150f69813f4070333f9d3b02
,raw_json,MLBAMID,r_150f69813f4070333f9d3b02
