player_type,metric,cohort,pool,method,heldout_years,sample_sizes,mean_year_mae_gain_pct,consistent_candidate,assessment,fold_gains
hitter,AVG,all_matched,expanding_pool,fitted_rmse_ridge,"[2025, 2026]","{""2025"": 582, ""2026"": 555}",0.1797822340280556,False,retain_equal_baseline,"{""2025"": {""mae_pct"": 0.22945513045003144, ""rmse_pct"": 0.2051320872222447}, ""2026"": {""mae_pct"": 0.13010933760607976, ""rmse_pct"": 0.12492640189343963}}"
hitter,AVG,all_matched,expanding_pool,inverse_mae_shrunk,"[2025, 2026]","{""2025"": 582, ""2026"": 555}",0.0072406449597562424,False,retain_equal_baseline,"{""2025"": {""mae_pct"": 0.009673192769573628, ""rmse_pct"": 0.008392265526896748}, ""2026"": {""mae_pct"": 0.004808097149938858, ""rmse_pct"": 0.004599032088043026}}"
hitter,AVG,all_matched,shared_history,fitted_rmse_ridge,"[2025, 2026]","{""2025"": 585, ""2026"": 583}",0.2400641812976293,False,retain_equal_baseline,"{""2025"": {""mae_pct"": 0.3477827426635881, ""rmse_pct"": 0.2925237440789789}, ""2026"": {""mae_pct"": 0.13234561993167046, ""rmse_pct"": 0.1752642178904901}}"
hitter,AVG,all_matched,shared_history,inverse_mae_shrunk,"[2025, 2026]","{""2025"": 585, ""2026"": 583}",0.011424270558648053,False,retain_equal_baseline,"{""2025"": {""mae_pct"": 0.015620419958073865, ""rmse_pct"": 0.012177965845372242}, ""2026"": {""mae_pct"": 0.007228121159222241, ""rmse_pct"": 0.006863714014090737}}"
hitter,AVG,regular_playing_time,expanding_pool,fitted_rmse_ridge,"[2025, 2026]","{""2025"": 275, ""2026"": 263}",-0.02719008192675754,False,retain_equal_baseline,"{""2025"": {""mae_pct"": -0.04053768674767785, ""rmse_pct"": -0.31075061676182825}, ""2026"": {""mae_pct"": -0.013842477105837232, ""rmse_pct"": -0.002929145319752694}}"
hitter,AVG,regular_playing_time,expanding_pool,inverse_mae_shrunk,"[2025, 2026]","{""2025"": 275, ""2026"": 263}",-0.0010754242839528753,False,retain_equal_baseline,"{""2025"": {""mae_pct"": -0.0004077074188264984, ""rmse_pct"": -0.007722379781172981}, ""2026"": {""mae_pct"": -0.0017431411490792523, ""rmse_pct"": -0.00033977683847583886}}"
hitter,AVG,regular_playing_time,shared_history,fitted_rmse_ridge,"[2025, 2026]","{""2025"": 275, ""2026"": 264}",-0.0886571823598806,False,retain_equal_baseline,"{""2025"": {""mae_pct"": -0.12949777356263084, ""rmse_pct"": -0.5459393661006745}, ""2026"": {""mae_pct"": -0.047816591157130356, ""rmse_pct"": -0.03767514001176317}}"
hitter,AVG,regular_playing_time,shared_history,inverse_mae_shrunk,"[2025, 2026]","{""2025"": 275, ""2026"": 264}",-0.003057704355814123,False,retain_equal_baseline,"{""2025"": {""mae_pct"": -0.0006063416694610124, ""rmse_pct"": -0.012671114399244995}, ""2026"": {""mae_pct"": -0.0055090670421672336, ""rmse_pct"": -0.004633354923736264}}"
hitter,HR,all_matched,expanding_pool,fitted_rmse_ridge,"[2025, 2026]","{""2025"": 582, ""2026"": 555}",-0.21544878473216625,False,retain_equal_baseline,"{""2025"": {""mae_pct"": -0.3073000129004367, ""rmse_pct"": -0.39876916457162787}, ""2026"": {""mae_pct"": -0.12359755656389582, ""rmse_pct"": -0.12837210199372298}}"
hitter,HR,all_matched,expanding_pool,inverse_mae_shrunk,"[2025, 2026]","{""2025"": 582, ""2026"": 555}",-0.004052072076065208,False,retain_equal_baseline,"{""2025"": {""mae_pct"": -0.0037145755022575506, ""rmse_pct"": -0.010347812034977096}, ""2026"": {""mae_pct"": -0.0043895686498728655, ""rmse_pct"": -0.00460767443733021}}"
hitter,HR,all_matched,shared_history,fitted_rmse_ridge,"[2025, 2026]","{""2025"": 585, ""2026"": 583}",-0.4650922471184104,False,retain_equal_baseline,"{""2025"": {""mae_pct"": -0.6841444135948077, ""rmse_pct"": -0.8246631168952968}, ""2026"": {""mae_pct"": -0.24604008064201308, ""rmse_pct"": -0.24991199418570872}}"
hitter,HR,all_matched,shared_history,inverse_mae_shrunk,"[2025, 2026]","{""2025"": 585, ""2026"": 583}",-0.006830857646142012,False,retain_equal_baseline,"{""2025"": {""mae_pct"": -0.004698189452152415, ""rmse_pct"": -0.020834215108033922}, ""2026"": {""mae_pct"": -0.00896352584013161, ""rmse_pct"": -0.008683482581025989}}"
hitter,HR,regular_playing_time,expanding_pool,fitted_rmse_ridge,"[2025, 2026]","{""2025"": 275, ""2026"": 263}",-0.31336929421058396,False,retain_equal_baseline,"{""2025"": {""mae_pct"": -0.573113078192797, ""rmse_pct"": -0.5106188727305037}, ""2026"": {""mae_pct"": -0.05362551022837091, ""rmse_pct"": -0.0010688492931759288}}"
hitter,HR,regular_playing_time,expanding_pool,inverse_mae_shrunk,"[2025, 2026]","{""2025"": 275, ""2026"": 263}",-0.009660574319470495,False,retain_equal_baseline,"{""2025"": {""mae_pct"": -0.017027680529171765, ""rmse_pct"": -0.018569678749036707}, ""2026"": {""mae_pct"": -0.0022934681097692236, ""rmse_pct"": 0.0001610841304863346}}"
hitter,HR,regular_playing_time,shared_history,fitted_rmse_ridge,"[2025, 2026]","{""2025"": 275, ""2026"": 264}",-0.6112138742514777,False,retain_equal_baseline,"{""2025"": {""mae_pct"": -1.170328251857663, ""rmse_pct"": -0.9635232578933722}, ""2026"": {""mae_pct"": -0.05209949664529238, ""rmse_pct"": 0.00866009763454429}}"
hitter,HR,regular_playing_time,shared_history,inverse_mae_shrunk,"[2025, 2026]","{""2025"": 275, ""2026"": 264}",-0.015484822481253014,False,retain_equal_baseline,"{""2025"": {""mae_pct"": -0.028610049385370397, ""rmse_pct"": -0.03329193634026018}, ""2026"": {""mae_pct"": -0.0023595955771356296, ""rmse_pct"": 0.0012887100931700318}}"
hitter,R,all_matched,expanding_pool,fitted_rmse_ridge,"[2025, 2026]","{""2025"": 582, ""2026"": 555}",-0.30423011313541665,False,retain_equal_baseline,"{""2025"": {""mae_pct"": -0.5644663012210465, ""rmse_pct"": -0.4556820078263936}, ""2026"": {""mae_pct"": -0.04399392504978681, ""rmse_pct"": -0.03294319037881841}}"
hitter,R,all_matched,expanding_pool,inverse_mae_shrunk,"[2025, 2026]","{""2025"": 582, ""2026"": 555}",-0.005856432632504826,False,retain_equal_baseline,"{""2025"": {""mae_pct"": -0.013023204752663433, ""rmse_pct"": -0.010590232035003682}, ""2026"": {""mae_pct"": 0.0013103394876537813, ""rmse_pct"": 0.0009682770062291349}}"
hitter,R,all_matched,shared_history,fitted_rmse_ridge,"[2025, 2026]","{""2025"": 585, ""2026"": 583}",-0.42346707105019654,False,retain_equal_baseline,"{""2025"": {""mae_pct"": -0.8309792655042596, ""rmse_pct"": -0.7973441860564189}, ""2026"": {""mae_pct"": -0.015954876596133427, ""rmse_pct"": -0.02706968469806492}}"
hitter,R,all_matched,shared_history,inverse_mae_shrunk,"[2025, 2026]","{""2025"": 585, ""2026"": 583}",-0.00887463874749394,False,retain_equal_baseline,"{""2025"": {""mae_pct"": -0.018224486397140825, ""rmse_pct"": -0.017833071764841085}, ""2026"": {""mae_pct"": 0.0004752089021529446, ""rmse_pct"": 0.0007517782817333545}}"
hitter,R,regular_playing_time,expanding_pool,fitted_rmse_ridge,"[2025, 2026]","{""2025"": 275, ""2026"": 263}",-0.3487355583194397,False,retain_equal_baseline,"{""2025"": {""mae_pct"": -0.8204232340439279, ""rmse_pct"": -0.2730446955886527}, ""2026"": {""mae_pct"": 0.12295211740504855, ""rmse_pct"": 0.397591999185592}}"
hitter,R,regular_playing_time,expanding_pool,inverse_mae_shrunk,"[2025, 2026]","{""2025"": 275, ""2026"": 263}",-0.010280617714148583,False,retain_equal_baseline,"{""2025"": {""mae_pct"": -0.02557518262189969, ""rmse_pct"": -0.004605951182126646}, ""2026"": {""mae_pct"": 0.005013947193602526, ""rmse_pct"": 0.017471508895231462}}"
hitter,R,regular_playing_time,shared_history,fitted_rmse_ridge,"[2025, 2026]","{""2025"": 275, ""2026"": 264}",0.1781689961326836,False,retain_equal_baseline,"{""2025"": {""mae_pct"": -0.8168933615283461, ""rmse_pct"": -0.354960997022756}, ""2026"": {""mae_pct"": 1.1732313537937133, ""rmse_pct"": 1.160871640972515}}"
hitter,R,regular_playing_time,shared_history,inverse_mae_shrunk,"[2025, 2026]","{""2025"": 275, ""2026"": 264}",0.020804122415323027,False,retain_equal_baseline,"{""2025"": {""mae_pct"": -0.015810117153586357, ""rmse_pct"": 0.001227537848453476}, ""2026"": {""mae_pct"": 0.05741836198423241, ""rmse_pct"": 0.051996437960857754}}"
hitter,RBI,all_matched,expanding_pool,fitted_rmse_ridge,"[2025, 2026]","{""2025"": 582, ""2026"": 555}",-0.4279532686530144,False,retain_equal_baseline,"{""2025"": {""mae_pct"": -0.6459702233964172, ""rmse_pct"": -0.45259851986076893}, ""2026"": {""mae_pct"": -0.20993631390961168, ""rmse_pct"": -0.21601397787949947}}"
hitter,RBI,all_matched,expanding_pool,inverse_mae_shrunk,"[2025, 2026]","{""2025"": 582, ""2026"": 555}",-0.008328347724058589,False,retain_equal_baseline,"{""2025"": {""mae_pct"": -0.014279810186704506, ""rmse_pct"": -0.009529431557951358}, ""2026"": {""mae_pct"": -0.002376885261412672, ""rmse_pct"": -0.0024704009624606105}}"
hitter,RBI,all_matched,shared_history,fitted_rmse_ridge,"[2025, 2026]","{""2025"": 585, ""2026"": 583}",-0.6874762642635898,False,retain_equal_baseline,"{""2025"": {""mae_pct"": -1.1107891375079544, ""rmse_pct"": -0.92777306591615}, ""2026"": {""mae_pct"": -0.26416339101922515, ""rmse_pct"": -0.326760160128791}}"
hitter,RBI,all_matched,shared_history,inverse_mae_shrunk,"[2025, 2026]","{""2025"": 585, ""2026"": 583}",-0.013161259559076575,False,retain_equal_baseline,"{""2025"": {""mae_pct"": -0.024326209412679947, ""rmse_pct"": -0.01864960082748907}, ""2026"": {""mae_pct"": -0.001996309705473203, ""rmse_pct"": -0.0034491052184429443}}"
hitter,RBI,regular_playing_time,expanding_pool,fitted_rmse_ridge,"[2025, 2026]","{""2025"": 275, ""2026"": 263}",-0.5087566378791534,False,retain_equal_baseline,"{""2025"": {""mae_pct"": -0.9674232974909824, ""rmse_pct"": -0.4770847270803467}, ""2026"": {""mae_pct"": -0.05008997826732427, ""rmse_pct"": 0.023899230457368862}}"
hitter,RBI,regular_playing_time,expanding_pool,inverse_mae_shrunk,"[2025, 2026]","{""2025"": 275, ""2026"": 263}",-0.014456849283404861,False,retain_equal_baseline,"{""2025"": {""mae_pct"": -0.028536900622268994, ""rmse_pct"": -0.010986010092201752}, ""2026"": {""mae_pct"": -0.00037679794454072927, ""rmse_pct"": 0.0010465116479722288}}"
hitter,RBI,regular_playing_time,shared_history,fitted_rmse_ridge,"[2025, 2026]","{""2025"": 275, ""2026"": 264}",-0.4980527822683127,False,retain_equal_baseline,"{""2025"": {""mae_pct"": -1.3232895682618555, ""rmse_pct"": -0.8309206099357651}, ""2026"": {""mae_pct"": 0.32718400372523015, ""rmse_pct"": 0.3002488755256539}}"
hitter,RBI,regular_playing_time,shared_history,inverse_mae_shrunk,"[2025, 2026]","{""2025"": 275, ""2026"": 264}",-0.010849785771265193,False,retain_equal_baseline,"{""2025"": {""mae_pct"": -0.035530433261042195, ""rmse_pct"": -0.015784884201072668}, ""2026"": {""mae_pct"": 0.013830861718511809, ""rmse_pct"": 0.008819970087027609}}"
hitter,SB,all_matched,expanding_pool,fitted_rmse_ridge,"[2025, 2026]","{""2025"": 582, ""2026"": 555}",0.11502962728420918,False,retain_equal_baseline,"{""2025"": {""mae_pct"": 0.03186850049109949, ""rmse_pct"": 0.09433113177006273}, ""2026"": {""mae_pct"": 0.19819075407731887, ""rmse_pct"": 0.14122577541108264}}"
hitter,SB,all_matched,expanding_pool,inverse_mae_shrunk,"[2025, 2026]","{""2025"": 582, ""2026"": 555}",0.008145938676386001,False,retain_equal_baseline,"{""2025"": {""mae_pct"": 0.004328663530072084, ""rmse_pct"": 0.01049831025492394}, ""2026"": {""mae_pct"": 0.011963213822699917, ""rmse_pct"": 0.008467230915321497}}"
hitter,SB,all_matched,shared_history,fitted_rmse_ridge,"[2025, 2026]","{""2025"": 585, ""2026"": 583}",0.23386468729343132,False,retain_equal_baseline,"{""2025"": {""mae_pct"": 0.08473330890341062, ""rmse_pct"": 0.15160806900551124}, ""2026"": {""mae_pct"": 0.382996065683452, ""rmse_pct"": 0.1917255747311407}}"
hitter,SB,all_matched,shared_history,inverse_mae_shrunk,"[2025, 2026]","{""2025"": 585, ""2026"": 583}",0.017191216984714135,False,retain_equal_baseline,"{""2025"": {""mae_pct"": 0.010655016283872342, ""rmse_pct"": 0.0173829547148807}, ""2026"": {""mae_pct"": 0.02372741768555593, ""rmse_pct"": 0.012438551248085804}}"
hitter,SB,regular_playing_time,expanding_pool,fitted_rmse_ridge,"[2025, 2026]","{""2025"": 275, ""2026"": 263}",0.025851031912663434,False,retain_equal_baseline,"{""2025"": {""mae_pct"": 0.13170321710187827, ""rmse_pct"": 0.05955582877954972}, ""2026"": {""mae_pct"": -0.0800011532765514, ""rmse_pct"": 0.03909943079082457}}"
hitter,SB,regular_playing_time,expanding_pool,inverse_mae_shrunk,"[2025, 2026]","{""2025"": 275, ""2026"": 263}",-0.0009112004904067426,False,retain_equal_baseline,"{""2025"": {""mae_pct"": -0.0007835097376299548, ""rmse_pct"": -0.0004108889493211455}, ""2026"": {""mae_pct"": -0.0010388912431835305, ""rmse_pct"": 0.0006065193993910014}}"
hitter,SB,regular_playing_time,shared_history,fitted_rmse_ridge,"[2025, 2026]","{""2025"": 275, ""2026"": 264}",0.0341754381327931,False,retain_equal_baseline,"{""2025"": {""mae_pct"": 0.1996872239060138, ""rmse_pct"": 0.1159907042476814}, ""2026"": {""mae_pct"": -0.1313363476404276, ""rmse_pct"": 0.1748404666770973}}"
hitter,SB,regular_playing_time,shared_history,inverse_mae_shrunk,"[2025, 2026]","{""2025"": 275, ""2026"": 264}",-0.001405159243900291,False,retain_equal_baseline,"{""2025"": {""mae_pct"": -0.0011047908061925483, ""rmse_pct"": -0.000819436467486703}, ""2026"": {""mae_pct"": -0.0017055276816080336, ""rmse_pct"": 0.0026582265305647675}}"
pitcher,ERA,all_matched,expanding_pool,fitted_rmse_ridge,"[2025, 2026]","{""2025"": 558, ""2026"": 594}",-0.011830355987884289,False,retain_equal_baseline,"{""2025"": {""mae_pct"": -0.01573749207422396, ""rmse_pct"": -0.0011492184554311759}, ""2026"": {""mae_pct"": -0.007923219901544617, ""rmse_pct"": 0.010570986270119705}}"
pitcher,ERA,all_matched,expanding_pool,inverse_mae_shrunk,"[2025, 2026]","{""2025"": 558, ""2026"": 594}",0.00023728381188298,False,retain_equal_baseline,"{""2025"": {""mae_pct"": 0.00042370379111679706, ""rmse_pct"": 2.9934499162260606e-05}, ""2026"": {""mae_pct"": 5.0863832649162934e-05, ""rmse_pct"": -7.487702643718616e-05}}"
pitcher,ERA,all_matched,shared_history,fitted_rmse_ridge,"[2025, 2026]","{""2025"": 686, ""2026"": 680}",0.0025380260363032873,False,retain_equal_baseline,"{""2025"": {""mae_pct"": 0.0016234454876346885, ""rmse_pct"": 0.03385574995632033}, ""2026"": {""mae_pct"": 0.003452606584971886, ""rmse_pct"": 0.04231116643822198}}"
pitcher,ERA,all_matched,shared_history,inverse_mae_shrunk,"[2025, 2026]","{""2025"": 686, ""2026"": 680}",-4.059334608092674e-05,False,retain_equal_baseline,"{""2025"": {""mae_pct"": -4.574986373557517e-05, ""rmse_pct"": -0.0009560714578917253}, ""2026"": {""mae_pct"": -3.5436828426278325e-05, ""rmse_pct"": -0.0003005878240540769}}"
pitcher,ERA,substantial_innings,expanding_pool,fitted_rmse_ridge,"[2025, 2026]","{""2025"": 331, ""2026"": 337}",0.25835648689821133,False,retain_equal_baseline,"{""2025"": {""mae_pct"": 0.35359260063992587, ""rmse_pct"": 0.3029622372238895}, ""2026"": {""mae_pct"": 0.1631203731564968, ""rmse_pct"": 0.13476224429802725}}"
pitcher,ERA,substantial_innings,expanding_pool,inverse_mae_shrunk,"[2025, 2026]","{""2025"": 331, ""2026"": 337}",0.008072647467431845,False,retain_equal_baseline,"{""2025"": {""mae_pct"": 0.011118658713405692, ""rmse_pct"": 0.00974377025935501}, ""2026"": {""mae_pct"": 0.005026636221457998, ""rmse_pct"": 0.004233458632566562}}"
pitcher,ERA,substantial_innings,shared_history,fitted_rmse_ridge,"[2025, 2026]","{""2025"": 386, ""2026"": 380}",0.309522484729037,False,retain_equal_baseline,"{""2025"": {""mae_pct"": 0.3428158709340272, ""rmse_pct"": 0.35243479197237076}, ""2026"": {""mae_pct"": 0.27622909852404676, ""rmse_pct"": 0.20190562359524727}}"
pitcher,ERA,substantial_innings,shared_history,inverse_mae_shrunk,"[2025, 2026]","{""2025"": 386, ""2026"": 380}",0.010179273649700329,False,retain_equal_baseline,"{""2025"": {""mae_pct"": 0.011574253191381117, ""rmse_pct"": 0.01210802118136106}, ""2026"": {""mae_pct"": 0.008784294108019541, ""rmse_pct"": 0.006818357805756155}}"
pitcher,SO,all_matched,expanding_pool,fitted_rmse_ridge,"[2025, 2026]","{""2025"": 558, ""2026"": 594}",0.5688387637270912,False,retain_equal_baseline,"{""2025"": {""mae_pct"": 0.703278867970422, ""rmse_pct"": 0.7561815556019028}, ""2026"": {""mae_pct"": 0.4343986594837603, ""rmse_pct"": 0.4689070853176214}}"
pitcher,SO,all_matched,expanding_pool,inverse_mae_shrunk,"[2025, 2026]","{""2025"": 558, ""2026"": 594}",0.019033990578768572,False,retain_equal_baseline,"{""2025"": {""mae_pct"": 0.022882338927761692, ""rmse_pct"": 0.024686381954145267}, ""2026"": {""mae_pct"": 0.015185642229775451, ""rmse_pct"": 0.01621604647155714}}"
pitcher,SO,all_matched,shared_history,fitted_rmse_ridge,"[2025, 2026]","{""2025"": 686, ""2026"": 680}",0.8935033963984402,False,retain_equal_baseline,"{""2025"": {""mae_pct"": 1.0437299739172496, ""rmse_pct"": 1.20168686388584}, ""2026"": {""mae_pct"": 0.7432768188796309, ""rmse_pct"": 1.0058415274053456}}"
pitcher,SO,all_matched,shared_history,inverse_mae_shrunk,"[2025, 2026]","{""2025"": 686, ""2026"": 680}",0.03411216216923947,False,retain_equal_baseline,"{""2025"": {""mae_pct"": 0.039921899590212716, ""rmse_pct"": 0.04396488355059133}, ""2026"": {""mae_pct"": 0.028302424748266233, ""rmse_pct"": 0.038118656556042484}}"
pitcher,SO,substantial_innings,expanding_pool,fitted_rmse_ridge,"[2025, 2026]","{""2025"": 331, ""2026"": 337}",0.0376637171581524,False,retain_equal_baseline,"{""2025"": {""mae_pct"": 0.046990174901879116, ""rmse_pct"": 0.23103181367336698}, ""2026"": {""mae_pct"": 0.028337259414425685, ""rmse_pct"": 0.10501255483838254}}"
pitcher,SO,substantial_innings,expanding_pool,inverse_mae_shrunk,"[2025, 2026]","{""2025"": 331, ""2026"": 337}",0.0005143329687388176,False,retain_equal_baseline,"{""2025"": {""mae_pct"": 0.0007349364047087448, ""rmse_pct"": 0.003911341600269004}, ""2026"": {""mae_pct"": 0.0002937295327688905, ""rmse_pct"": 0.000908548471585402}}"
pitcher,SO,substantial_innings,shared_history,fitted_rmse_ridge,"[2025, 2026]","{""2025"": 386, ""2026"": 380}",-0.09495212219346591,False,retain_equal_baseline,"{""2025"": {""mae_pct"": -0.15664974913178187, ""rmse_pct"": 0.2708701204130204}, ""2026"": {""mae_pct"": -0.03325449525514994, ""rmse_pct"": 0.1876718408132306}}"
pitcher,SO,substantial_innings,shared_history,inverse_mae_shrunk,"[2025, 2026]","{""2025"": 386, ""2026"": 380}",-0.0007452761145734353,False,retain_equal_baseline,"{""2025"": {""mae_pct"": -0.0014607012818240192, ""rmse_pct"": 0.0054931468553135725}, ""2026"": {""mae_pct"": -2.9850947322851434e-05, ""rmse_pct"": 0.0018621239766396628}}"
pitcher,SV,all_matched,expanding_pool,fitted_rmse_ridge,"[2025, 2026]","{""2025"": 558, ""2026"": 594}",0.15387310345977295,False,retain_equal_baseline,"{""2025"": {""mae_pct"": 0.32943212375679215, ""rmse_pct"": -0.09448367136822781}, ""2026"": {""mae_pct"": -0.02168591683724624, ""rmse_pct"": -0.0781310589801323}}"
pitcher,SV,all_matched,expanding_pool,inverse_mae_shrunk,"[2025, 2026]","{""2025"": 558, ""2026"": 594}",0.01258098724872574,False,retain_equal_baseline,"{""2025"": {""mae_pct"": 0.02851279601227145, ""rmse_pct"": -0.006484053010793069}, ""2026"": {""mae_pct"": -0.0033508215148199735, ""rmse_pct"": -0.011854861746340931}}"
pitcher,SV,all_matched,shared_history,fitted_rmse_ridge,"[2025, 2026]","{""2025"": 686, ""2026"": 680}",0.2633697259773843,False,retain_equal_baseline,"{""2025"": {""mae_pct"": 0.5267921323625592, ""rmse_pct"": -0.23839154591392217}, ""2026"": {""mae_pct"": -5.2680407790551486e-05, ""rmse_pct"": -0.16877013226995358}}"
pitcher,SV,all_matched,shared_history,inverse_mae_shrunk,"[2025, 2026]","{""2025"": 686, ""2026"": 680}",0.025851798277201018,False,retain_equal_baseline,"{""2025"": {""mae_pct"": 0.051315543502840136, ""rmse_pct"": -0.013854912043618944}, ""2026"": {""mae_pct"": 0.00038805305156189854, ""rmse_pct"": -0.024851104280103592}}"
pitcher,SV,closer_candidates,expanding_pool,fitted_rmse_ridge,"[2025, 2026]","{""2025"": 73, ""2026"": 66}",0.3075995531028068,False,retain_equal_baseline,"{""2025"": {""mae_pct"": 0.6664919264501514, ""rmse_pct"": -0.1881352798418828}, ""2026"": {""mae_pct"": -0.051292820244537886, ""rmse_pct"": -0.21702333638688254}}"
pitcher,SV,closer_candidates,expanding_pool,inverse_mae_shrunk,"[2025, 2026]","{""2025"": 73, ""2026"": 66}",0.0176984208432989,False,retain_equal_baseline,"{""2025"": {""mae_pct"": 0.03977769901923805, ""rmse_pct"": -0.008112826528020155}, ""2026"": {""mae_pct"": -0.004380857332640251, ""rmse_pct"": -0.01789819660980651}}"
pitcher,SV,closer_candidates,shared_history,fitted_rmse_ridge,"[2025, 2026]","{""2025"": 62, ""2026"": 58}",0.3188482587437267,False,retain_equal_baseline,"{""2025"": {""mae_pct"": 0.6944100681056338, ""rmse_pct"": -0.49812770844171084}, ""2026"": {""mae_pct"": -0.05671355061818042, ""rmse_pct"": -0.44177673310345544}}"
pitcher,SV,closer_candidates,shared_history,inverse_mae_shrunk,"[2025, 2026]","{""2025"": 62, ""2026"": 58}",0.018300039795474215,False,retain_equal_baseline,"{""2025"": {""mae_pct"": 0.041443914905535575, ""rmse_pct"": -0.017832285870754947}, ""2026"": {""mae_pct"": -0.004843835314587144, ""rmse_pct"": -0.03443221491116901}}"
pitcher,SV,substantial_innings,expanding_pool,fitted_rmse_ridge,"[2025, 2026]","{""2025"": 331, ""2026"": 337}",0.00045751367269350474,False,retain_equal_baseline,"{""2025"": {""mae_pct"": 0.21338866241169877, ""rmse_pct"": 0.15190879986735387}, ""2026"": {""mae_pct"": -0.21247363506631176, ""rmse_pct"": -0.1791518053542308}}"
pitcher,SV,substantial_innings,expanding_pool,inverse_mae_shrunk,"[2025, 2026]","{""2025"": 331, ""2026"": 337}",0.0005064235158483274,False,retain_equal_baseline,"{""2025"": {""mae_pct"": 0.011507480293157886, ""rmse_pct"": 0.009401202160348001}, ""2026"": {""mae_pct"": -0.010494633261461231, ""rmse_pct"": -0.008466323827593492}}"
pitcher,SV,substantial_innings,shared_history,fitted_rmse_ridge,"[2025, 2026]","{""2025"": 386, ""2026"": 380}",-0.034614985588578756,False,retain_equal_baseline,"{""2025"": {""mae_pct"": 0.4792030140279972, ""rmse_pct"": 0.24130075218137048}, ""2026"": {""mae_pct"": -0.5484329852051547, ""rmse_pct"": -0.44348971432036544}}"
pitcher,SV,substantial_innings,shared_history,inverse_mae_shrunk,"[2025, 2026]","{""2025"": 386, ""2026"": 380}",0.0029513177153101863,False,retain_equal_baseline,"{""2025"": {""mae_pct"": 0.030310177516721378, ""rmse_pct"": 0.01782445581085857}, ""2026"": {""mae_pct"": -0.024407542086101006, ""rmse_pct"": -0.01953091937093449}}"
pitcher,W,all_matched,expanding_pool,fitted_rmse_ridge,"[2025, 2026]","{""2025"": 558, ""2026"": 594}",0.003623129195517719,False,retain_equal_baseline,"{""2025"": {""mae_pct"": 6.790688807261672e-05, ""rmse_pct"": -5.842733164945816e-05}, ""2026"": {""mae_pct"": 0.007178351502962821, ""rmse_pct"": -0.002807074928627046}}"
pitcher,W,all_matched,expanding_pool,inverse_mae_shrunk,"[2025, 2026]","{""2025"": 558, ""2026"": 594}",9.842595568146885e-05,False,retain_equal_baseline,"{""2025"": {""mae_pct"": -6.467220796973821e-06, ""rmse_pct"": 5.164391415948559e-06}, ""2026"": {""mae_pct"": 0.00020331913215991152, ""rmse_pct"": -7.58798364655597e-05}}"
pitcher,W,all_matched,shared_history,fitted_rmse_ridge,"[2025, 2026]","{""2025"": 686, ""2026"": 680}",0.005444211863824952,False,retain_equal_baseline,"{""2025"": {""mae_pct"": -0.0006577089150699997, ""rmse_pct"": -0.0018444077389504336}, ""2026"": {""mae_pct"": 0.011546132642719904, ""rmse_pct"": -0.0031183946346148616}}"
pitcher,W,all_matched,shared_history,inverse_mae_shrunk,"[2025, 2026]","{""2025"": 686, ""2026"": 680}",0.00019483491046960025,False,retain_equal_baseline,"{""2025"": {""mae_pct"": 6.263795746278313e-05, ""rmse_pct"": 0.00017403344081647328}, ""2026"": {""mae_pct"": 0.00032703186347641735, ""rmse_pct"": -6.415544420403289e-05}}"
pitcher,W,substantial_innings,expanding_pool,fitted_rmse_ridge,"[2025, 2026]","{""2025"": 331, ""2026"": 337}",0.03064025740966777,False,retain_equal_baseline,"{""2025"": {""mae_pct"": 0.04467467090770924, ""rmse_pct"": 0.03290329782518697}, ""2026"": {""mae_pct"": 0.016605843911626294, ""rmse_pct"": 0.027854862598260744}}"
pitcher,W,substantial_innings,expanding_pool,inverse_mae_shrunk,"[2025, 2026]","{""2025"": 331, ""2026"": 337}",0.0005564681517732542,False,retain_equal_baseline,"{""2025"": {""mae_pct"": 0.0005441606309478615, ""rmse_pct"": 0.000385722119809054}, ""2026"": {""mae_pct"": 0.000568775672598647, ""rmse_pct"": 0.000968366067547772}}"
pitcher,W,substantial_innings,shared_history,fitted_rmse_ridge,"[2025, 2026]","{""2025"": 386, ""2026"": 380}",0.039855606303632114,False,retain_equal_baseline,"{""2025"": {""mae_pct"": 0.039709625595788445, ""rmse_pct"": 0.010620139272225985}, ""2026"": {""mae_pct"": 0.040001587011475784, ""rmse_pct"": 0.0553420660420838}}"
pitcher,W,substantial_innings,shared_history,inverse_mae_shrunk,"[2025, 2026]","{""2025"": 386, ""2026"": 380}",0.0010621297882513012,False,retain_equal_baseline,"{""2025"": {""mae_pct"": 0.0007541437498840727, ""rmse_pct"": 0.0002213455582538817}, ""2026"": {""mae_pct"": 0.0013701158266185298, ""rmse_pct"": 0.0019882145216139403}}"
pitcher,WHIP,all_matched,expanding_pool,fitted_rmse_ridge,"[2025, 2026]","{""2025"": 558, ""2026"": 594}",-0.01403258841222658,False,retain_equal_baseline,"{""2025"": {""mae_pct"": -0.020814935384600747, ""rmse_pct"": -0.018954039543867006}, ""2026"": {""mae_pct"": -0.007250241439852413, ""rmse_pct"": -0.007425981877073506}}"
pitcher,WHIP,all_matched,expanding_pool,inverse_mae_shrunk,"[2025, 2026]","{""2025"": 558, ""2026"": 594}",-0.0001095158150812537,False,retain_equal_baseline,"{""2025"": {""mae_pct"": -0.0001519960339376226, ""rmse_pct"": -0.0001389699207290256}, ""2026"": {""mae_pct"": -6.70355962248848e-05, ""rmse_pct"": -7.314859100316624e-05}}"
pitcher,WHIP,all_matched,shared_history,fitted_rmse_ridge,"[2025, 2026]","{""2025"": 686, ""2026"": 680}",-0.0021430608972901415,False,retain_equal_baseline,"{""2025"": {""mae_pct"": 0.0023031992786494296, ""rmse_pct"": 0.013620436740232734}, ""2026"": {""mae_pct"": -0.006589321073229713, ""rmse_pct"": -0.0159844704566935}}"
pitcher,WHIP,all_matched,shared_history,inverse_mae_shrunk,"[2025, 2026]","{""2025"": 686, ""2026"": 680}",-2.3732301836065164e-05,False,retain_equal_baseline,"{""2025"": {""mae_pct"": 1.7771091153099205e-05, ""rmse_pct"": 0.00010513697294461787}, ""2026"": {""mae_pct"": -6.523569482522953e-05, ""rmse_pct"": -0.0001558559104149946}}"
pitcher,WHIP,substantial_innings,expanding_pool,fitted_rmse_ridge,"[2025, 2026]","{""2025"": 331, ""2026"": 337}",0.03947291667784822,False,retain_equal_baseline,"{""2025"": {""mae_pct"": 0.08995824486637014, ""rmse_pct"": 0.11523942200876529}, ""2026"": {""mae_pct"": -0.011012411510673692, ""rmse_pct"": 0.006717931218934959}}"
pitcher,WHIP,substantial_innings,expanding_pool,inverse_mae_shrunk,"[2025, 2026]","{""2025"": 331, ""2026"": 337}",-5.955516615268216e-05,False,retain_equal_baseline,"{""2025"": {""mae_pct"": -0.00010324702192971607, ""rmse_pct"": -0.00013455857825317268}, ""2026"": {""mae_pct"": -1.586331037564824e-05, ""rmse_pct"": 1.0941206505693346e-05}}"
pitcher,WHIP,substantial_innings,shared_history,fitted_rmse_ridge,"[2025, 2026]","{""2025"": 386, ""2026"": 380}",-0.05825760312975481,False,retain_equal_baseline,"{""2025"": {""mae_pct"": 0.017777778360652467, ""rmse_pct"": 0.051652326597339995}, ""2026"": {""mae_pct"": -0.1342929846201621, ""rmse_pct"": -0.06514574919291562}}"
pitcher,WHIP,substantial_innings,shared_history,inverse_mae_shrunk,"[2025, 2026]","{""2025"": 386, ""2026"": 380}",-9.433685159851172e-05,False,retain_equal_baseline,"{""2025"": {""mae_pct"": -2.0403940458219402e-05, ""rmse_pct"": -6.91776280865085e-05}, ""2026"": {""mae_pct"": -0.00016826976273880403, ""rmse_pct"": -8.600555582527449e-05}}"
