player_type,record_id,reason
hitter,s_a9d296e7be475f5453f08ad8,reviewed_duplicate_not_selected
hitter,s_792d370e2536108112d94ea4,reviewed_duplicate_not_selected
hitter,s_3aaab4195dcadb03a278a0bd,reviewed_duplicate_not_selected
hitter,s_f96da5c0b65bd15c4831827c,reviewed_duplicate_not_selected
hitter,s_560f2f229746f6087b002f23,reviewed_duplicate_not_selected
hitter,s_2f72c606f853011e0b120531,reviewed_duplicate_not_selected
hitter,s_43dda4c16b46627bbfd3c86e,reviewed_duplicate_not_selected
hitter,s_21531ef6e8a1a9759d0e8de1,reviewed_duplicate_not_selected
pitcher,s_8e27836162537c5578a9a482,reviewed_duplicate_not_selected
pitcher,s_55404f6a0cc8e3b12aebdfe1,reviewed_duplicate_not_selected
pitcher,s_e6eab0bb61f07b99a3346dd2,reviewed_duplicate_not_selected
pitcher,s_9508ea52357b8dc63f52a92a,reviewed_duplicate_not_selected
pitcher,s_4ea8cac88b5c5815c5e91cb6,reviewed_duplicate_not_selected
pitcher,s_abb090c9bb20ca256262a3b3,reviewed_duplicate_not_selected
pitcher,s_852492895769478e1bc5755f,reviewed_duplicate_not_selected
pitcher,s_d81106392affa08924d19762,reviewed_duplicate_not_selected
