player_type,season,source,selected_projection_rows,matched_rows,unmatched_rows
hitter,2024,Steamer,3711,649,3062
hitter,2024,THE BAT X,729,530,199
hitter,2025,OOPSY,3818,665,3153
hitter,2025,Steamer,4140,666,3474
hitter,2025,THE BAT X,696,586,110
hitter,2026,Depth Charts,638,555,83
hitter,2026,OOPSY,2802,649,2153
hitter,2026,Steamer,4186,659,3527
hitter,2026,THE BAT X,697,583,114
pitcher,2024,ATC,917,622,295
pitcher,2024,Steamer,5168,783,4385
pitcher,2025,ATC,882,688,194
pitcher,2025,OOPSY,4995,818,4177
pitcher,2025,RotoWire,1207,598,609
pitcher,2025,Steamer,5215,791,4424
pitcher,2026,ATC,855,681,174
pitcher,2026,Depth Charts,802,666,136
pitcher,2026,OOPSY,4232,796,3436
pitcher,2026,RotoWire,2439,713,1726
pitcher,2026,Steamer,5162,799,4363
